product,category,version_normalized,path,title,source_path,extension,size_bytes,thumbnail
DemoForge,audio,—,audio/nd-ui.vgm,nd-ui,subrepos/DemoForge-Archive/DemoForge/nd-ui.vgm,.vgm,28184,
DemoForge,audio,—,audio/snork_intro_union.sndh,Snork_Intro_Union,subrepos/DemoForge-Archive/DemoForge/Snork_Intro_Union.sndh,.sndh,69570,
DemoForge,audio,—,audio/unio-demo.vgm,Unio-Demo,subrepos/DemoForge-Archive/DemoForge/Unio-Demo.vgm,.vgm,28184,
DemoForge,code-data,—,code-data/auto_push.sh,auto_push,subrepos/DemoForge-Archive/DemoForge/auto_push.sh,.sh,476,
Motion,code-data,—,code-data/config.js,config,subrepos/DemoForge-Archive/DemoForge-Motion/js/config.js,.js,1425,
Motion,code-data,—,code-data/core.js,core,subrepos/DemoForge-Archive/DemoForge-Motion/js/core.js,.js,52368,
DemoForge,code-data,v1776355940035,code-data/credits.json,CREDITS,subrepos/DemoForge-Archive/DemoForge/demoforge_export_1776355940035/CREDITS.json,.json,2746,
Motion,code-data,—,code-data/effects.json,effects,subrepos/DemoForge-Archive/DemoForge-Motion/modules/effects.json,.json,4983,
Motion,code-data,—,code-data/export.js,export,subrepos/DemoForge-Archive/DemoForge-Motion/js/export.js,.js,3123,
Motion,code-data,—,code-data/modules.js,modules,subrepos/DemoForge-Archive/DemoForge-Motion/js/modules.js,.js,3371,
DemoForge,code-data,v1,code-data/set_de_depart.set-1.json,Set_de_depart.set (1),subrepos/DemoForge-Archive/DemoForge/Set_de_depart.set (1).json,.json,3436,
DemoForge,code-data,—,code-data/set_de_depart.set.json,Set_de_depart.set,subrepos/DemoForge-Archive/DemoForge/Set_de_depart.set.json,.json,2822,
Motion,code-data,—,code-data/timeline.js,timeline,subrepos/DemoForge-Archive/DemoForge-Motion/js/timeline.js,.js,10866,
DemoForge,code-data,—,code-data/versions.json,versions,subrepos/DemoForge-Archive/DemoForge/data/versions.json,.json,3723,
DemoForge,docs,v1.0,docs/v1.0-demoforge-architecture-global-en-v1.0.pdf,DEMOFORGE-ARCHITECTURE-GLOBAL-EN-V1.0,subrepos/DemoForge-Archive/DemoForge/DEMOFORGE-ARCHITECTURE-GLOBAL-EN-V1.0.pdf,.pdf,51566,
DemoForge,docs,v1.0,docs/v1.0-demoforge-architecture-globale-v1.0.pdf,DEMOFORGE-ARCHITECTURE-GLOBALE-V1.0,subrepos/DemoForge-Archive/DemoForge/DEMOFORGE-ARCHITECTURE-GLOBALE-V1.0.pdf,.pdf,51217,
DemoForge,docs,v1.0,docs/v1.0-demoforge-bible-v1.0-1.pdf,DEMOFORGE-BIBLE-V1.0 (1),subrepos/DemoForge-Archive/DemoForge/DEMOFORGE-BIBLE-V1.0 (1).pdf,.pdf,54828,
DemoForge,docs,v1.0,docs/v1.0-demoforge-bible-v1.0.pdf,DEMOFORGE-BIBLE-V1.0,subrepos/DemoForge-Archive/DemoForge/DEMOFORGE-BIBLE-V1.0.pdf,.pdf,54828,
DemoForge,docs,v1.1,docs/v1.1-demoforge-architecture-globale-v1.1.pdf,DEMOFORGE-ARCHITECTURE-GLOBALE-V1.1,subrepos/DemoForge-Archive/DemoForge/DEMOFORGE-ARCHITECTURE-GLOBALE-V1.1.pdf,.pdf,55553,
DemoForge,docs,v1,docs/cahier_de_synthese_demoforge_v1.md,CAHIER_DE_SYNTHESE_DEMOFORGE_V1,subrepos/DemoForge-Archive/DemoForge/CAHIER_DE_SYNTHESE_DEMOFORGE_V1.md,.md,8092,
DemoForge,docs,v2,docs/claude_v2_master_prompt.md,CLAUDE_V2_MASTER_PROMPT,subrepos/DemoForge-Archive/DemoForge/CLAUDE_V2_MASTER_PROMPT.md,.md,3906,
DemoForge,docs,v2,docs/claude_v2_tasks.md,CLAUDE_V2_TASKS,subrepos/DemoForge-Archive/DemoForge/CLAUDE_V2_TASKS.md,.md,4783,
Autres,docs,—,docs/file_list_all.txt,FILE_LIST_ALL,FILE_LIST_ALL.txt,.txt,116796,
Autres,docs,—,docs/html_releases_sorted.txt,HTML_RELEASES_SORTED,HTML_RELEASES_SORTED.txt,.txt,73385,
DemoForge,docs,v3,docs/je-veux-que-des-truc-ultra-leger-pas-de-mp3.pdf,je veux que des truc ultra leger pas de mp3,subrepos/DemoForge-Archive/DemoForge/je veux que des truc ultra leger pas de mp3.pdf,.pdf,287644,
DemoForge,docs,—,docs/mega-prompt-claude-dashboard-demoscene-generat.md,🎬 MEGA PROMPT CLAUDE — Dashboard Demoscene Generat,subrepos/DemoForge-Archive/DemoForge/🎬 MEGA PROMPT CLAUDE — Dashboard Demoscene Generat.md,.md,26494,
DemoForge,docs,v1,docs/pour-chaque-sujet-modules-effets-elements-co-1.md,"Pour chaque sujet , modules, effets, elements , co (1)","subrepos/DemoForge-Archive/DemoForge/Pour chaque sujet , modules, effets, elements , co (1).md",.md,13915,
DemoForge,docs,v2,docs/pour-chaque-sujet-modules-effets-elements-co-2.md,"Pour chaque sujet , modules, effets, elements , co (2)","subrepos/DemoForge-Archive/DemoForge/Pour chaque sujet , modules, effets, elements , co (2).md",.md,13915,
DemoForge,docs,—,docs/pour-chaque-sujet-modules-effets-elements-co.md,"Pour chaque sujet , modules, effets, elements , co","subrepos/DemoForge-Archive/DemoForge/Pour chaque sujet , modules, effets, elements , co.md",.md,13915,
DemoForge,docs,—,docs/progression.md,PROGRESSION,subrepos/DemoForge-Archive/DemoForge/PROGRESSION.md,.md,1668,
DemoForge,docs,v1,docs/prompt_master_demoforge_v1.md,PROMPT_MASTER_DEMOFORGE_V1,subrepos/DemoForge-Archive/DemoForge/PROMPT_MASTER_DEMOFORGE_V1.md,.md,6777,
Motion,docs,v49096,docs/readme-49096ee2.md,README,subrepos/DemoForge-Archive/DemoForge-Motion/README.md,.md,2185,
DemoForge,docs,v9,docs/readme-9e4b8aad.md,README,subrepos/DemoForge-Archive/DemoForge/README.md,.md,3558,
DemoForge,docs,v75,docs/readme-a75f4b5a.md,README,subrepos/DemoForge-Archive/README.md,.md,273,
Autres,docs,v57,docs/readme-f57afb0d.md,README,RELEASES_CODEX_PACKAGE/README.md,.md,152,
Autres,docs,—,docs/readme.md,README,README.md,.md,96,
DemoForge,docs,v1776355940035,docs/readme.txt,README,subrepos/DemoForge-Archive/DemoForge/demoforge_export_1776355940035/README.txt,.txt,600,
DemoForge,docs,v1,docs/refait-moi-une-synthese-profonde-en-mode-ameliorat-1.md,refait moi une synthèse profonde en mode ameliorat (1),subrepos/DemoForge-Archive/DemoForge/refait moi une synthèse profonde en mode ameliorat (1).md,.md,311026,
DemoForge,docs,—,docs/resumer-la-page-actuelle.md,Résumer la page actuelle,subrepos/DemoForge-Archive/DemoForge/Résumer la page actuelle.md,.md,5637,
DemoForge,docs,v2,docs/v2_brief.md,V2_BRIEF,subrepos/DemoForge-Archive/DemoForge/V2_BRIEF.md,.md,1804,
DemoForge,interfaces,v1.0,interfaces/v1.0-demoforge-2030-v1-1.html,demoforge-2030-V1 (1),subrepos/DemoForge-Archive/DemoForge/demoforge-2030-V1 (1).html,.html,44865,assets/thumbs/interfaces--v1.0-demoforge-2030-v1-1.html.png
DemoForge,interfaces,v1.0,interfaces/v1.0-demoforge-2030-v1.html,demoforge-2030-V1,subrepos/DemoForge-Archive/DemoForge/demoforge-2030-V1.html,.html,44865,assets/thumbs/interfaces--v1.0-demoforge-2030-v1.html.png
CNC,interfaces,v1.0,interfaces/v1.0-index-cnc-v1.html,index-CNC-V1,subrepos/DemoForge-Archive/DemoForge/index-CNC-V1.html,.html,101183,assets/thumbs/interfaces--v1.0-index-cnc-v1.html.png
DemoForge,interfaces,v1.1,interfaces/v1.1-demomaker-v1.1.html,demomaker-V1.1,subrepos/DemoForge-Archive/DemoForge/demomaker-V1.1.html,.html,46185,assets/thumbs/interfaces--v1.1-demomaker-v1.1.html.png
CNC,interfaces,v1.1,interfaces/v1.1-index-cnc-v1.1.html,index-CNC-V1.1,subrepos/DemoForge-Archive/DemoForge/index-CNC-V1.1.html,.html,101217,assets/thumbs/interfaces--v1.1-index-cnc-v1.1.html.png
DemoForge,interfaces,v1.1,interfaces/v1.1-index-demoforge-v1.1.html,index-demoforge-V1.1,subrepos/DemoForge-Archive/DemoForge/index-demoforge-V1.1.html,.html,78655,assets/thumbs/interfaces--v1.1-index-demoforge-v1.1.html.png
CNC,interfaces,v1.2,interfaces/v1.2-index-cnc-v1.2.html,index-CNC-V1.2,subrepos/DemoForge-Archive/DemoForge/index-CNC-V1.2.html,.html,102070,assets/thumbs/interfaces--v1.2-index-cnc-v1.2.html.png
CNC,interfaces,v1.3,interfaces/v1.3-index-cnc-v1.3.html,index-CNC-V1.3,subrepos/DemoForge-Archive/DemoForge/index-CNC-V1.3.html,.html,100837,assets/thumbs/interfaces--v1.3-index-cnc-v1.3.html.png
CNC,interfaces,v1.4,interfaces/v1.4-index-cnc-v1.4.html,index-CNC-V1.4,subrepos/DemoForge-Archive/DemoForge/index-CNC-V1.4.html,.html,100814,assets/thumbs/interfaces--v1.4-index-cnc-v1.4.html.png
CNC,interfaces,v1.5,interfaces/v1.5-index-cnc-v1.5.html,index-CNC-V1.5,subrepos/DemoForge-Archive/DemoForge/index-CNC-V1.5.html,.html,102402,assets/thumbs/interfaces--v1.5-index-cnc-v1.5.html.png
CNC,interfaces,v1.6,interfaces/v1.6-index-cnc-v1.6.html,index-CNC-V1.6,subrepos/DemoForge-Archive/DemoForge/index-CNC-V1.6.html,.html,102921,assets/thumbs/interfaces--v1.6-index-cnc-v1.6.html.png
DemoForge,interfaces,v2.0,interfaces/v2.0-demomaker-v2.0-1.html,demomaker-V2.0 (1),subrepos/DemoForge-Archive/DemoForge/demomaker-V2.0 (1).html,.html,54750,assets/thumbs/interfaces--v2.0-demomaker-v2.0-1.html.png
DemoForge,interfaces,v2.0,interfaces/v2.0-demomaker-v2.0.html,demomaker-V2.0,subrepos/DemoForge-Archive/DemoForge/demomaker-V2.0.html,.html,54750,assets/thumbs/interfaces--v2.0-demomaker-v2.0.html.png
DemoForge,interfaces,v6.0,interfaces/v6.0-demoforge-v6-editor-emergent.html,DemoForge V6 — Editor-Emergent,subrepos/DemoForge-Archive/DemoForge/DemoForge V6 — Editor-Emergent.html,.html,132550,assets/thumbs/interfaces--v6.0-demoforge-v6-editor-emergent.html.png
DemoForge,interfaces,v7.0,interfaces/v7.0-demoforge_7.60_edu_0.6.html,demoforge_7.60_edu_0.6,subrepos/DemoForge-Archive/DemoForge/demoforge_7.60_edu_0.6.html,.html,162819,assets/thumbs/interfaces--v7.0-demoforge_7.60_edu_0.6.html.png
DemoForge,interfaces,v7.0,interfaces/v7.0-demoforge_7.60_edu_0.8.html,demoforge_7.60_edu_0.8,subrepos/DemoForge-Archive/DemoForge/demoforge_7.60_edu_0.8.html,.html,176175,assets/thumbs/interfaces--v7.0-demoforge_7.60_edu_0.8.html.png
DemoForge,interfaces,v7.80,interfaces/v7.80-demoforge_7.80.html,demoforge_7.80,subrepos/DemoForge-Archive/DemoForge/demoforge_7.80.html,.html,184637,assets/thumbs/interfaces--v7.80-demoforge_7.80.html.png
DemoForge,interfaces,v8.0,interfaces/v8.0-demoforge_8.00_stable.html,demoforge_8.00_stable,subrepos/DemoForge-Archive/DemoForge/demoforge_8.00_stable.html,.html,137638,assets/thumbs/interfaces--v8.0-demoforge_8.00_stable.html.png
DemoForge,interfaces,v8.20,interfaces/v8.20-demoforge_8.20.html,demoforge_8.20,subrepos/DemoForge-Archive/DemoForge/demoforge_8.20.html,.html,140992,assets/thumbs/interfaces--v8.20-demoforge_8.20.html.png
DemoForge,interfaces,v8.40,interfaces/v8.40-demoforge_8.40.html,demoforge_8.40,subrepos/DemoForge-Archive/DemoForge/demoforge_8.40.html,.html,143127,assets/thumbs/interfaces--v8.40-demoforge_8.40.html.png
DemoForge,interfaces,v8.60,interfaces/v8.60-demoforge_8.60.html,demoforge_8.60,subrepos/DemoForge-Archive/DemoForge/demoforge_8.60.html,.html,149791,assets/thumbs/interfaces--v8.60-demoforge_8.60.html.png
Autres,interfaces,v15.0,interfaces/v15.0-v15-892b182b.html,V15,V15.html,.html,354904,assets/thumbs/interfaces--v15.0-v15-892b182b.html.png
DemoForge,interfaces,v15.0,interfaces/v15.0-v15.html,V15,subrepos/DemoForge-Archive/DemoForge/V15.html,.html,354904,assets/thumbs/interfaces--v15.0-v15.html.png
Motion,interfaces,v1,interfaces/1-demoforge_motion_studio.html,1-demoforge_motion_studio,subrepos/DemoForge-Archive/DemoForge/1-demoforge_motion_studio.html,.html,29706,assets/thumbs/interfaces--1-demoforge_motion_studio.html.png
CNC,interfaces,—,interfaces/cnc-coding-is-not-a-crime-clean-base.html,CNC Coding Is Not A Crime -Clean - Base,subrepos/DemoForge-Archive/DemoForge/CNC Coding Is Not A Crime -Clean - Base.html,.html,83708,assets/thumbs/interfaces--cnc-coding-is-not-a-crime-clean-base.html.png
Motion,interfaces,—,interfaces/demoforge-motion-studio-single-dance-steps.html,demoforge-motion-studio-single-dance-steps,subrepos/DemoForge-Archive/DemoForge/demoforge-motion-studio-single-dance-steps.html,.html,17336,assets/thumbs/interfaces--demoforge-motion-studio-single-dance-steps.html.png
DemoForge,interfaces,—,interfaces/demoforge_clean_direct.html,demoforge_clean_direct,subrepos/DemoForge-Archive/DemoForge/demoforge_clean_direct.html,.html,7972,assets/thumbs/interfaces--demoforge_clean_direct.html.png
DemoForge,interfaces,—,interfaces/demoforge_doc.html,DEMOFORGE_DOC,subrepos/DemoForge-Archive/DemoForge/DEMOFORGE_DOC.html,.html,12237,assets/thumbs/interfaces--demoforge_doc.html.png
DemoForge,interfaces,—,interfaces/demoforge_editor_layers_music_export_fixed.html,demoforge_editor_layers_music_export_fixed,subrepos/DemoForge-Archive/DemoForge/demoforge_editor_layers_music_export_fixed.html,.html,75170,assets/thumbs/interfaces--demoforge_editor_layers_music_export_fixed.html.png
DemoForge,interfaces,—,interfaces/demoforge_editor_music_export.html,demoforge_editor_music_export,subrepos/DemoForge-Archive/DemoForge/demoforge_editor_music_export.html,.html,71716,assets/thumbs/interfaces--demoforge_editor_music_export.html.png
Motion,interfaces,—,interfaces/demoforge_edu_audio_timeline.html,demoforge_edu_audio_timeline,subrepos/DemoForge-Archive/DemoForge/demoforge_edu_audio_timeline.html,.html,143014,assets/thumbs/interfaces--demoforge_edu_audio_timeline.html.png
DemoForge,interfaces,—,interfaces/demoforge_edu_base.html,demoforge_edu_base,subrepos/DemoForge-Archive/DemoForge/demoforge_edu_base.html,.html,135804,assets/thumbs/interfaces--demoforge_edu_base.html.png
DemoForge,interfaces,v0.2,interfaces/demoforge_edu_v0.2.html,demoforge_edu_v0.2,subrepos/DemoForge-Archive/DemoForge/demoforge_edu_v0.2.html,.html,31828,assets/thumbs/interfaces--demoforge_edu_v0.2.html.png
DemoForge,interfaces,v0.4,interfaces/demoforge_edu_v0.4.html,demoforge_edu_v0.4,subrepos/DemoForge-Archive/DemoForge/demoforge_edu_v0.4.html,.html,144694,assets/thumbs/interfaces--demoforge_edu_v0.4.html.png
Motion,interfaces,v1,interfaces/demoforge_export_music-1.html,demoforge_export_music (1),subrepos/DemoForge-Archive/DemoForge/demoforge_export_music (1).html,.html,54166,assets/thumbs/interfaces--demoforge_export_music-1.html.png
Motion,interfaces,v3,interfaces/demoforge_export_music-3.html,demoforge_export_music (3),subrepos/DemoForge-Archive/DemoForge/#MOTION/demoforge_export_music (3).html,.html,50694,assets/thumbs/interfaces--demoforge_export_music-3.html.png
Motion,interfaces,—,interfaces/demoforge_export_music.html,demoforge_export_music,subrepos/DemoForge-Archive/DemoForge/demoforge_export_music.html,.html,54684,assets/thumbs/interfaces--demoforge_export_music.html.png
DemoForge,interfaces,—,interfaces/demoforge_full_layer_editor.html,demoforge_full_layer_editor,subrepos/DemoForge-Archive/DemoForge/demoforge_full_layer_editor.html,.html,85797,assets/thumbs/interfaces--demoforge_full_layer_editor.html.png
DemoForge,interfaces,v2,interfaces/demoforge_full_layer_editor_v2.html,demoforge_full_layer_editor_v2,subrepos/DemoForge-Archive/DemoForge/demoforge_full_layer_editor_v2.html,.html,89134,assets/thumbs/interfaces--demoforge_full_layer_editor_v2.html.png
DemoForge,interfaces,v3,interfaces/demoforge_full_layer_editor_v3_dragdrop.html,!demoforge_full_layer_editor_v3_dragdrop,subrepos/DemoForge-Archive/DemoForge/!demoforge_full_layer_editor_v3_dragdrop.html,.html,90192,assets/thumbs/interfaces--demoforge_full_layer_editor_v3_dragdrop.html.png
DemoForge,interfaces,v4,interfaces/demoforge_full_layer_editor_v4_multilang_assets.html,demoforge_full_layer_editor_v4_multilang_assets,subrepos/DemoForge-Archive/DemoForge/demoforge_full_layer_editor_v4_multilang_assets.html,.html,97628,assets/thumbs/interfaces--demoforge_full_layer_editor_v4_multilang_assets.html.png
DemoForge,interfaces,v5,interfaces/demoforge_full_layer_editor_v5_fixed.html,demoforge_full_layer_editor_v5_fixed,subrepos/DemoForge-Archive/DemoForge/demoforge_full_layer_editor_v5_fixed.html,.html,96167,assets/thumbs/interfaces--demoforge_full_layer_editor_v5_fixed.html.png
DemoForge,interfaces,v6,interfaces/demoforge_full_layer_editor_v6_links_emoji.html,demoforge_full_layer_editor_v6_links_emoji,subrepos/DemoForge-Archive/DemoForge/demoforge_full_layer_editor_v6_links_emoji.html,.html,99322,assets/thumbs/interfaces--demoforge_full_layer_editor_v6_links_emoji.html.png
DemoForge,interfaces,v7,interfaces/demoforge_full_layer_editor_v7_repaired_links.html,demoforge_full_layer_editor_v7_repaired_links,subrepos/DemoForge-Archive/DemoForge/demoforge_full_layer_editor_v7_repaired_links.html,.html,102177,assets/thumbs/interfaces--demoforge_full_layer_editor_v7_repaired_links.html.png
DemoForge,interfaces,v8,interfaces/demoforge_full_layer_editor_v8_ui_presets.html,demoforge_full_layer_editor_v8_ui_presets,subrepos/DemoForge-Archive/DemoForge/demoforge_full_layer_editor_v8_ui_presets.html,.html,100415,assets/thumbs/interfaces--demoforge_full_layer_editor_v8_ui_presets.html.png
Motion,interfaces,—,interfaces/demoforge_fullscreen_animated.html,demoforge_fullscreen_animated,subrepos/DemoForge-Archive/DemoForge/#MOTION/demoforge_fullscreen_animated.html,.html,300908,assets/thumbs/interfaces--demoforge_fullscreen_animated.html.png
Motion,interfaces,—,interfaces/demoforge_fullscreen_demo.html,DEMOFORGE_FULLSCREEN_DEMO,subrepos/DemoForge-Archive/DemoForge-Motion/DEMOFORGE_FULLSCREEN_DEMO.html,.html,26310,assets/thumbs/interfaces--demoforge_fullscreen_demo.html.png
Motion,interfaces,v1.0,interfaces/demoforge_fullscreen_demo_v1.0.html,DEMOFORGE_FULLSCREEN_DEMO_V1.0,subrepos/DemoForge-Archive/DemoForge-Motion/DEMOFORGE_FULLSCREEN_DEMO_V1.0.html,.html,24904,assets/thumbs/interfaces--demoforge_fullscreen_demo_v1.0.html.png
Motion,interfaces,v1.1,interfaces/demoforge_fullscreen_demo_v1.1.html,DEMOFORGE_FULLSCREEN_DEMO_V1.1,subrepos/DemoForge-Archive/DemoForge-Motion/DEMOFORGE_FULLSCREEN_DEMO_V1.1.html,.html,26310,assets/thumbs/interfaces--demoforge_fullscreen_demo_v1.1.html.png
Motion,interfaces,—,interfaces/demoforge_fullscreen_lite.html,demoforge_fullscreen_lite,subrepos/DemoForge-Archive/DemoForge/#MOTION/demoforge_fullscreen_lite.html,.html,18878,assets/thumbs/interfaces--demoforge_fullscreen_lite.html.png
Motion,interfaces,—,interfaces/demoforge_lite_fullscreen.html,demoforge_lite_fullscreen,subrepos/DemoForge-Archive/DemoForge/#MOTION/demoforge_lite_fullscreen.html,.html,127927,assets/thumbs/interfaces--demoforge_lite_fullscreen.html.png
DemoForge,interfaces,—,interfaces/demoforge_mini.html,DEMOFORGE_MINI,subrepos/DemoForge-Archive/DemoForge/DEMOFORGE_MINI.html,.html,20693,assets/thumbs/interfaces--demoforge_mini.html.png
Motion,interfaces,v3,interfaces/demoforge_motion_compact-3.html,demoforge_motion_compact (3),subrepos/DemoForge-Archive/DemoForge/#MOTION/demoforge_motion_compact (3).html,.html,267284,assets/thumbs/interfaces--demoforge_motion_compact-3.html.png
Motion,interfaces,—,interfaces/demoforge_motion_compact.html,demoforge_motion_compact,subrepos/DemoForge-Archive/DemoForge/#MOTION/demoforge_motion_compact.html,.html,727111,assets/thumbs/interfaces--demoforge_motion_compact.html.png
Motion,interfaces,v84122891,interfaces/demoforge_motion_studio-84122891.html,demoforge_motion_studio,subrepos/DemoForge-Archive/DemoForge/#MOTION/demoforge_motion_studio.html,.html,76892,assets/thumbs/interfaces--demoforge_motion_studio-84122891.html.png
Motion,interfaces,—,interfaces/demoforge_motion_studio.html,demoforge_motion_studio,subrepos/DemoForge-Archive/DemoForge-Motion/demoforge_motion_studio.html,.html,80151,assets/thumbs/interfaces--demoforge_motion_studio.html.png
Motion,interfaces,—,interfaces/demoforge_motion_studio_pure.html,demoforge_motion_studio_pure,subrepos/DemoForge-Archive/DemoForge/#MOTION/demoforge_motion_studio_pure.html,.html,76394,assets/thumbs/interfaces--demoforge_motion_studio_pure.html.png
Motion,interfaces,—,interfaces/demoforge_motion_studio_pure_animated_exports.html,demoforge_motion_studio_pure_animated_exports,subrepos/DemoForge-Archive/DemoForge/#MOTION/demoforge_motion_studio_pure_animated_exports.html,.html,83033,assets/thumbs/interfaces--demoforge_motion_studio_pure_animated_exports.html.png
Motion,interfaces,—,interfaces/demoforge_motion_studio_pure_animated_exports_dnd_fixed.html,demoforge_motion_studio_pure_animated_exports_dnd_fixed,subrepos/DemoForge-Archive/DemoForge/#MOTION/demoforge_motion_studio_pure_animated_exports_dnd_fixed.html,.html,84215,assets/thumbs/interfaces--demoforge_motion_studio_pure_animated_exports_dnd_fixed.html.png
Motion,interfaces,v0.9,interfaces/demoforge_motion_studio_v0_9.html,demoforge_motion_studio_v0_9,subrepos/DemoForge-Archive/DemoForge/demoforge_motion_studio_v0_9.html,.html,17921,assets/thumbs/interfaces--demoforge_motion_studio_v0_9.html.png
Motion,interfaces,v10.00,interfaces/demoforge_motion_studio_v10_00_core.html,demoforge_motion_studio_v10_00_core,subrepos/DemoForge-Archive/DemoForge/demoforge_motion_studio_v10_00_core.html,.html,35664,assets/thumbs/interfaces--demoforge_motion_studio_v10_00_core.html.png
Motion,interfaces,v1.3,interfaces/demoforge_motion_studio_v1_3_fx_presets.html,demoforge_motion_studio_v1_3_fx_presets,subrepos/DemoForge-Archive/DemoForge/demoforge_motion_studio_v1_3_fx_presets.html,.html,176487,assets/thumbs/interfaces--demoforge_motion_studio_v1_3_fx_presets.html.png
Motion,interfaces,v1.4,interfaces/demoforge_motion_studio_v1_4_audio_fonts_integrated.html,demoforge_motion_studio_v1_4_audio_fonts_integrated,subrepos/DemoForge-Archive/DemoForge/demoforge_motion_studio_v1_4_audio_fonts_integrated.html,.html,192385,assets/thumbs/interfaces--demoforge_motion_studio_v1_4_audio_fonts_integrated.html.png
Motion,interfaces,v1.5,interfaces/demoforge_motion_studio_v1_5_fonts_integrated.html,demoforge_motion_studio_v1_5_fonts_integrated,subrepos/DemoForge-Archive/DemoForge/demoforge_motion_studio_v1_5_fonts_integrated.html,.html,213597,assets/thumbs/interfaces--demoforge_motion_studio_v1_5_fonts_integrated.html.png
Motion,interfaces,v1.6,interfaces/demoforge_motion_studio_v1_6_left_demos_restored.html,demoforge_motion_studio_v1_6_left_demos_restored,subrepos/DemoForge-Archive/DemoForge/demoforge_motion_studio_v1_6_left_demos_restored.html,.html,218844,assets/thumbs/interfaces--demoforge_motion_studio_v1_6_left_demos_restored.html.png
Motion,interfaces,v1.7,interfaces/demoforge_motion_studio_v1_7_repaired.html,demoforge_motion_studio_v1_7_repaired,subrepos/DemoForge-Archive/DemoForge/demoforge_motion_studio_v1_7_repaired.html,.html,218845,assets/thumbs/interfaces--demoforge_motion_studio_v1_7_repaired.html.png
Motion,interfaces,v1,interfaces/demoforge_motion_studio_v1_full_emergent_clean.html,demoforge_motion_studio_v1_full_emergent_clean,subrepos/DemoForge-Archive/DemoForge/demoforge_motion_studio_v1_full_emergent_clean.html,.html,153991,assets/thumbs/interfaces--demoforge_motion_studio_v1_full_emergent_clean.html.png
Motion,interfaces,v1,interfaces/demoforge_motion_studio_v1_merged.html,demoforge_motion_studio_v1_merged,subrepos/DemoForge-Archive/DemoForge/demoforge_motion_studio_v1_merged.html,.html,30544,assets/thumbs/interfaces--demoforge_motion_studio_v1_merged.html.png
Motion,interfaces,v2,interfaces/demoforge_motion_studio_v2_exports_config.html,!!! demoforge_motion_studio_v2_exports_config,subrepos/DemoForge-Archive/DemoForge/#MOTION/!!! demoforge_motion_studio_v2_exports_config.html,.html,93427,assets/thumbs/interfaces--demoforge_motion_studio_v2_exports_config.html.png
Motion,interfaces,v8.90,interfaces/demoforge_motion_studio_v8_90.html,demoforge_motion_studio_v8_90,subrepos/DemoForge-Archive/DemoForge/demoforge_motion_studio_v8_90.html,.html,232847,assets/thumbs/interfaces--demoforge_motion_studio_v8_90.html.png
Motion,interfaces,v9.10,interfaces/demoforge_motion_studio_v9_10.html,demoforge_motion_studio_v9_10,subrepos/DemoForge-Archive/DemoForge/demoforge_motion_studio_v9_10.html,.html,241591,assets/thumbs/interfaces--demoforge_motion_studio_v9_10.html.png
Motion,interfaces,v9.30,interfaces/demoforge_motion_studio_v9_30.html,demoforge_motion_studio_v9_30,subrepos/DemoForge-Archive/DemoForge/demoforge_motion_studio_v9_30.html,.html,253970,assets/thumbs/interfaces--demoforge_motion_studio_v9_30.html.png
Motion,interfaces,v9.50,interfaces/demoforge_motion_studio_v9_50.html,demoforge_motion_studio_v9_50,subrepos/DemoForge-Archive/DemoForge/demoforge_motion_studio_v9_50.html,.html,32947,assets/thumbs/interfaces--demoforge_motion_studio_v9_50.html.png
Motion,interfaces,v9.70,interfaces/demoforge_motion_studio_v9_70.html,demoforge_motion_studio_v9_70,subrepos/DemoForge-Archive/DemoForge/demoforge_motion_studio_v9_70.html,.html,27366,assets/thumbs/interfaces--demoforge_motion_studio_v9_70.html.png
DemoForge,interfaces,v1,interfaces/demoforge_music_demo-1.html,demoforge_music_demo (1),subrepos/DemoForge-Archive/DemoForge/demoforge_music_demo (1).html,.html,50148,assets/thumbs/interfaces--demoforge_music_demo-1.html.png
DemoForge,interfaces,—,interfaces/demoforge_music_demo.html,demoforge_music_demo,subrepos/DemoForge-Archive/DemoForge/demoforge_music_demo.html,.html,49132,assets/thumbs/interfaces--demoforge_music_demo.html.png
DemoForge,interfaces,—,interfaces/demoforge_mvp.html,!demoforge_mvp,subrepos/DemoForge-Archive/DemoForge/!demoforge_mvp.html,.html,55231,assets/thumbs/interfaces--demoforge_mvp.html.png
Motion,interfaces,—,interfaces/demoforge_optimized_fullscreen.html,demoforge_optimized_fullscreen,subrepos/DemoForge-Archive/DemoForge/#MOTION/demoforge_optimized_fullscreen.html,.html,21122,assets/thumbs/interfaces--demoforge_optimized_fullscreen.html.png
Motion,interfaces,v1,interfaces/demoforge_phone_dancer-1e6675a0.html,demoforge_phone_dancer,subrepos/DemoForge-Archive/DemoForge/demoforge_phone_dancer.html,.html,7111,assets/thumbs/interfaces--demoforge_phone_dancer-1e6675a0.html.png
Motion,interfaces,—,interfaces/demoforge_phone_dancer.html,demoforge_phone_dancer,subrepos/DemoForge-Archive/DemoForge-Motion/demoforge_phone_dancer.html,.html,18216,assets/thumbs/interfaces--demoforge_phone_dancer.html.png
Motion,interfaces,—,interfaces/demoforge_phone_dancer_backup_before_restart.html,demoforge_phone_dancer_backup_before_restart,subrepos/DemoForge-Archive/DemoForge-Motion/demoforge_phone_dancer_backup_before_restart.html,.html,14141,assets/thumbs/interfaces--demoforge_phone_dancer_backup_before_restart.html.png
DemoForge,interfaces,—,interfaces/demoforge_purist_mode.html,demoforge_purist_mode,subrepos/DemoForge-Archive/DemoForge/demoforge_purist_mode.html,.html,12914,assets/thumbs/interfaces--demoforge_purist_mode.html.png
Motion,interfaces,—,interfaces/demoforge_retro_demo_editor.html,demoforge_retro_demo_editor,subrepos/DemoForge-Archive/DemoForge/#MOTION/demoforge_retro_demo_editor.html,.html,15255,assets/thumbs/interfaces--demoforge_retro_demo_editor.html.png
Motion,interfaces,—,interfaces/demoforge_snapshot.html,demoforge_snapshot,subrepos/DemoForge-Archive/DemoForge/#MOTION/demoforge_snapshot.html,.html,364227,assets/thumbs/interfaces--demoforge_snapshot.html.png
DemoForge,interfaces,—,interfaces/demoforge_studio.html,DEMOFORGE_STUDIO,subrepos/DemoForge-Archive/DemoForge/DEMOFORGE_STUDIO.html,.html,27713,assets/thumbs/interfaces--demoforge_studio.html.png
DemoForge,interfaces,v2,interfaces/demoforge_studio_v2.html,DEMOFORGE_STUDIO_V2,subrepos/DemoForge-Archive/DemoForge/DEMOFORGE_STUDIO_V2.html,.html,55525,assets/thumbs/interfaces--demoforge_studio_v2.html.png
DemoForge,interfaces,v3,interfaces/demoforge_studio_v3.html,DEMOFORGE_STUDIO_V3,subrepos/DemoForge-Archive/DemoForge/DEMOFORGE_STUDIO_V3.html,.html,53825,assets/thumbs/interfaces--demoforge_studio_v3.html.png
DemoForge,interfaces,—,interfaces/demoforge_union_style_editor.html,demoforge_union_style_editor,subrepos/DemoForge-Archive/DemoForge/demoforge_union_style_editor.html,.html,19005,assets/thumbs/interfaces--demoforge_union_style_editor.html.png
DemoForge,interfaces,—,interfaces/demoforge_union_style_editor_music.html,demoforge_union_style_editor_music,subrepos/DemoForge-Archive/DemoForge/demoforge_union_style_editor_music.html,.html,24569,assets/thumbs/interfaces--demoforge_union_style_editor_music.html.png
DemoForge,interfaces,v1.0.0,interfaces/demoforge_v1.0.0_razor1911.html,demoforge_V1.0.0_Razor1911,subrepos/DemoForge-Archive/DemoForge/demoforge_V1.0.0_Razor1911.html,.html,100699,assets/thumbs/interfaces--demoforge_v1.0.0_razor1911.html.png
DemoForge,interfaces,v10,interfaces/demoforge_v10_rebuild.html,demoforge_v10_rebuild,subrepos/DemoForge-Archive/DemoForge/demoforge_v10_rebuild.html,.html,146670,assets/thumbs/interfaces--demoforge_v10_rebuild.html.png
DemoForge,interfaces,v10,interfaces/demoforge_v10_step1.html,demoforge_v10_step1,subrepos/DemoForge-Archive/DemoForge/demoforge_v10_step1.html,.html,147464,assets/thumbs/interfaces--demoforge_v10_step1.html.png
DemoForge,interfaces,v5.74,interfaces/demoforge_v5.74_stable_fx_icons.html,demoforge_V5.74_stable_fx_icons,subrepos/DemoForge-Archive/DemoForge/demoforge_V5.74_stable_fx_icons.html,.html,115740,assets/thumbs/interfaces--demoforge_v5.74_stable_fx_icons.html.png
DemoForge,interfaces,v5.76,interfaces/demoforge_v5.76_cmos_cosmos_12_templates.html,demoforge_V5.76_CMOS_Cosmos_12_templates,subrepos/DemoForge-Archive/DemoForge/demoforge_V5.76_CMOS_Cosmos_12_templates.html,.html,122757,assets/thumbs/interfaces--demoforge_v5.76_cmos_cosmos_12_templates.html.png
DemoForge,interfaces,v5.78,interfaces/demoforge_v5.78_i18n_chapter_json_profile.html,demoforge_V5.78_i18n_chapter_json_profile,subrepos/DemoForge-Archive/DemoForge/demoforge_V5.78_i18n_chapter_json_profile.html,.html,136878,assets/thumbs/interfaces--demoforge_v5.78_i18n_chapter_json_profile.html.png
DemoForge,interfaces,v5.80,interfaces/demoforge_v5.80_scroll_pro_chain_exports.html,demoforge_V5.80_scroll_pro_chain_exports,subrepos/DemoForge-Archive/DemoForge/demoforge_V5.80_scroll_pro_chain_exports.html,.html,141327,assets/thumbs/interfaces--demoforge_v5.80_scroll_pro_chain_exports.html.png
DemoForge,interfaces,v5.82,interfaces/demoforge_v5.82_base_demo_stable.html,demoforge_V5.82_BASE_DEMO_STABLE,subrepos/DemoForge-Archive/DemoForge/demoforge_V5.82_BASE_DEMO_STABLE.html,.html,124356,assets/thumbs/interfaces--demoforge_v5.82_base_demo_stable.html.png
DemoForge,interfaces,v5.84,interfaces/demoforge_v5.84_base_prolock_export_fixed.html,demoforge_V5.84_BASE_PROLOCK_EXPORT_FIXED,subrepos/DemoForge-Archive/DemoForge/demoforge_V5.84_BASE_PROLOCK_EXPORT_FIXED.html,.html,122004,assets/thumbs/interfaces--demoforge_v5.84_base_prolock_export_fixed.html.png
DemoForge,interfaces,v5.86,interfaces/demoforge_v5.86_max_active.html,demoforge_V5.86_MAX_active,subrepos/DemoForge-Archive/DemoForge/demoforge_V5.86_MAX_active.html,.html,128618,assets/thumbs/interfaces--demoforge_v5.86_max_active.html.png
DemoForge,interfaces,v5.86,interfaces/demoforge_v5.86_pro_easter_egg.html,demoforge_V5.86_Pro_Easter_Egg,subrepos/DemoForge-Archive/DemoForge/demoforge_V5.86_Pro_Easter_Egg.html,.html,126652,assets/thumbs/interfaces--demoforge_v5.86_pro_easter_egg.html.png
DemoForge,interfaces,v5.86,interfaces/demoforge_v5.86_pro_easter_egg_auto_serial.html,demoforge_V5.86_Pro_Easter_Egg_auto_serial,subrepos/DemoForge-Archive/DemoForge/demoforge_V5.86_Pro_Easter_Egg_auto_serial.html,.html,130367,assets/thumbs/interfaces--demoforge_v5.86_pro_easter_egg_auto_serial.html.png
DemoForge,interfaces,v5.86,interfaces/demoforge_v5.86_pro_easter_egg_levels.html,demoforge_V5.86_Pro_Easter_Egg_levels,subrepos/DemoForge-Archive/DemoForge/demoforge_V5.86_Pro_Easter_Egg_levels.html,.html,128739,assets/thumbs/interfaces--demoforge_v5.86_pro_easter_egg_levels.html.png
DemoForge,interfaces,v5.87,interfaces/demoforge_v5.87_max_active.html,demoforge_V5.87_MAX_active,subrepos/DemoForge-Archive/DemoForge/demoforge_V5.87_MAX_active.html,.html,139716,assets/thumbs/interfaces--demoforge_v5.87_max_active.html.png
DemoForge,interfaces,v5.88,interfaces/demoforge_v5.88_fixed.html,demoforge_V5.88_FIXED,subrepos/DemoForge-Archive/DemoForge/demoforge_V5.88_FIXED.html,.html,124904,assets/thumbs/interfaces--demoforge_v5.88_fixed.html.png
DemoForge,interfaces,v5.89,interfaces/demoforge_v5.89_max_ready.html,demoforge_V5.89_MAX_READY,subrepos/DemoForge-Archive/DemoForge/demoforge_V5.89_MAX_READY.html,.html,125826,assets/thumbs/interfaces--demoforge_v5.89_max_ready.html.png
DemoForge,interfaces,v5.91,interfaces/demoforge_v5.91_calques_compact_zx_browser.html,demoforge_V5.91_CALQUES_COMPACT_ZX_BROWSER,subrepos/DemoForge-Archive/DemoForge/demoforge_V5.91_CALQUES_COMPACT_ZX_BROWSER.html,.html,134474,assets/thumbs/interfaces--demoforge_v5.91_calques_compact_zx_browser.html.png
DemoForge,interfaces,v5.92,interfaces/demoforge_v5.92_layers_undo_fonts.html,demoforge_V5.92_LAYERS_UNDO_FONTS,subrepos/DemoForge-Archive/DemoForge/demoforge_V5.92_LAYERS_UNDO_FONTS.html,.html,134432,assets/thumbs/interfaces--demoforge_v5.92_layers_undo_fonts.html.png
DemoForge,interfaces,v5.93,interfaces/demoforge_v5.93_layers_fixed_font_loader.html,demoforge_V5.93_LAYERS_FIXED_FONT_LOADER,subrepos/DemoForge-Archive/DemoForge/demoforge_V5.93_LAYERS_FIXED_FONT_LOADER.html,.html,134923,assets/thumbs/interfaces--demoforge_v5.93_layers_fixed_font_loader.html.png
DemoForge,interfaces,v5.94,interfaces/demoforge_v5.94_reintegrated.html,demoforge_V5.94_REINTEGRATED,subrepos/DemoForge-Archive/DemoForge/demoforge_V5.94_REINTEGRATED.html,.html,139976,assets/thumbs/interfaces--demoforge_v5.94_reintegrated.html.png
DemoForge,interfaces,v5.95,interfaces/demoforge_v5.95_media_import_fixed.html,demoforge_V5.95_MEDIA_IMPORT_FIXED,subrepos/DemoForge-Archive/DemoForge/demoforge_V5.95_MEDIA_IMPORT_FIXED.html,.html,142040,assets/thumbs/interfaces--demoforge_v5.95_media_import_fixed.html.png
DemoForge,interfaces,v6,interfaces/demoforge_v6_demo-1.html,demoforge_v6_demo (1),subrepos/DemoForge-Archive/DemoForge/demoforge_v6_demo (1).html,.html,10047,assets/thumbs/interfaces--demoforge_v6_demo-1.html.png
DemoForge,interfaces,v6,interfaces/demoforge_v6_demo.html,demoforge_v6_demo,subrepos/DemoForge-Archive/DemoForge/demoforge_v6_demo.html,.html,17526,assets/thumbs/interfaces--demoforge_v6_demo.html.png
Motion,interfaces,v6,interfaces/demoforge_v6_motion_studio_from_uploaded.html,DemoForge_V6_Motion_Studio_from_uploaded,subrepos/DemoForge-Archive/DemoForge/DemoForge_V6_Motion_Studio_from_uploaded.html,.html,29916,assets/thumbs/interfaces--demoforge_v6_motion_studio_from_uploaded.html.png
DemoForge,interfaces,v9,interfaces/demoforge_v9.html,demoforge_v9,subrepos/DemoForge-Archive/DemoForge/demoforge_v9.html,.html,136361,assets/thumbs/interfaces--demoforge_v9.html.png
DemoForge,interfaces,v9,interfaces/demoforge_v9_merged_v10fx.html,demoforge_v9_merged_v10fx,subrepos/DemoForge-Archive/DemoForge/demoforge_v9_merged_v10fx.html,.html,146838,assets/thumbs/interfaces--demoforge_v9_merged_v10fx.html.png
DemoForge,interfaces,—,interfaces/demoforge_vgm_nd_ui_player.html,demoforge_vgm_nd_ui_player,subrepos/DemoForge-Archive/DemoForge/demoforge_vgm_nd_ui_player.html,.html,52183,assets/thumbs/interfaces--demoforge_vgm_nd_ui_player.html.png
DemoForge,interfaces,v1,interfaces/demomaker-1.html,demomaker (1),subrepos/DemoForge-Archive/DemoForge/demomaker (1).html,.html,46130,assets/thumbs/interfaces--demomaker-1.html.png
DemoForge,interfaces,v2,interfaces/demomaker-2.html,demomaker (2),subrepos/DemoForge-Archive/DemoForge/demomaker (2).html,.html,46130,assets/thumbs/interfaces--demomaker-2.html.png
DemoForge,interfaces,v1776623126861,interfaces/demomaker_export_1776623126861.html,demomaker_export_1776623126861,subrepos/DemoForge-Archive/DemoForge/demomaker_export_1776623126861.html,.html,166160,assets/thumbs/interfaces--demomaker_export_1776623126861.html.png
DemoForge,interfaces,—,interfaces/demoscene_audio_lab.html,demoscene_audio_lab,subrepos/DemoForge-Archive/DemoForge/demoscene_audio_lab.html,.html,21278,assets/thumbs/interfaces--demoscene_audio_lab.html.png
DemoForge,interfaces,v9,interfaces/emergent-_-fullstack-app-demoforgv9.html,_Emergent _ Fullstack App-DemoforgV9,subrepos/DemoForge-Archive/DemoForge/_Emergent _ Fullstack App-DemoforgV9.html,.html,117005,assets/thumbs/interfaces--emergent-_-fullstack-app-demoforgv9.html.png
DemoForge,interfaces,—,interfaces/emergent-_-fullstack-app.html,_Emergent _ Fullstack App,subrepos/DemoForge-Archive/DemoForge/_Emergent _ Fullstack App.html,.html,115774,assets/thumbs/interfaces--emergent-_-fullstack-app.html.png
Motion,interfaces,—,interfaces/final_motion.html,#FINAL_MOTION,subrepos/DemoForge-Archive/DemoForge/#MOTION/#FINAL_MOTION.html,.html,100409,assets/thumbs/interfaces--final_motion.html.png
DemoForge,interfaces,—,interfaces/fullscreen-demo.html,fullscreen-demo,subrepos/DemoForge-Archive/DemoForge/fullscreen-demo.html,.html,13846,assets/thumbs/interfaces--fullscreen-demo.html.png
DemoForge,interfaces,v07,interfaces/hello-world-07a0bff4.html,hello-world,subrepos/DemoForge-Archive/DemoForge/hello-world.html,.html,11100,assets/thumbs/interfaces--hello-world-07a0bff4.html.png
DemoForge,interfaces,—,interfaces/hello-world.html,Hello World,subrepos/DemoForge-Archive/DemoForge/Hello World.html,.html,11157,assets/thumbs/interfaces--hello-world.html.png
DemoForge,interfaces,v01742560,interfaces/index-01742560.html,index,subrepos/DemoForge-Archive/DemoForge/index.html,.html,102526,assets/thumbs/interfaces--index-01742560.html.png
DemoForge,interfaces,v24,interfaces/index-24d93de5.html,index,subrepos/DemoForge-Archive/DemoForge/versions/v1/index.html,.html,366,assets/thumbs/interfaces--index-24d93de5.html.png
DemoForge,interfaces,v3182155,interfaces/index-3182155f.html,index,subrepos/DemoForge-Archive/DemoForge/versions/v1.5/index.html,.html,374,assets/thumbs/interfaces--index-3182155f.html.png
DemoForge,interfaces,v3432,interfaces/index-3432bd6f.html,index,subrepos/DemoForge-Archive/DemoForge/versions/v1.4/index.html,.html,374,assets/thumbs/interfaces--index-3432bd6f.html.png
DemoForge,interfaces,v3461,interfaces/index-3461eee1.html,index,subrepos/DemoForge-Archive/DemoForge/versions/v1.2/index.html,.html,374,assets/thumbs/interfaces--index-3461eee1.html.png
Motion,interfaces,v689,interfaces/index-689aa2b6.html,index,subrepos/DemoForge-Archive/DemoForge-Motion/index.html,.html,96861,assets/thumbs/interfaces--index-689aa2b6.html.png
DemoForge,interfaces,v6,interfaces/index-6ab28b8a.html,index,subrepos/DemoForge-Archive/DemoForge/versions/v1.1/index.html,.html,374,assets/thumbs/interfaces--index-6ab28b8a.html.png
DemoForge,interfaces,v89,interfaces/index-89da34a3.html,index,subrepos/DemoForge-Archive/DemoForge/versions/v1.7/index.html,.html,354,assets/thumbs/interfaces--index-89da34a3.html.png
DemoForge,interfaces,v9,interfaces/index-9e9ab078.html,index,subrepos/DemoForge-Archive/DemoForge/versions/v1.6/index.html,.html,374,assets/thumbs/interfaces--index-9e9ab078.html.png
DemoForge,interfaces,v305644,interfaces/index-b305644b.html,index,subrepos/DemoForge-Archive/DemoForge/demoforge_export_1776355940035/index.html,.html,15909,assets/thumbs/interfaces--index-b305644b.html.png
DemoForge,interfaces,v4,interfaces/index-d4b02d9e.html,index,subrepos/DemoForge-Archive/DemoForge/versions/v1.3/index.html,.html,374,assets/thumbs/interfaces--index-d4b02d9e.html.png
Autres,interfaces,—,interfaces/index.html,index,RELEASES_CODEX_PACKAGE/index.html,.html,11477,assets/thumbs/interfaces--index.html.png
DemoForge,interfaces,v1,interfaces/module-1.html,Module 1,subrepos/DemoForge-Archive/DemoForge/Module 1.html,.html,34780,assets/thumbs/interfaces--module-1.html.png
DemoForge,interfaces,—,interfaces/no-demoforge_unique_clean.html,NO-demoforge_unique_clean,subrepos/DemoForge-Archive/DemoForge/NO-demoforge_unique_clean.html,.html,11370,assets/thumbs/interfaces--no-demoforge_unique_clean.html.png
DemoForge,interfaces,v6,interfaces/saved_resource.html,saved_resource,subrepos/DemoForge-Archive/DemoForge/DemoForge V6 — Editor-Emergent_files/saved_resource.html,.html,504,assets/thumbs/interfaces--saved_resource.html.png
DemoForge,interfaces,—,interfaces/sources.html,sources,subrepos/DemoForge-Archive/DemoForge/sources.html,.html,4038,assets/thumbs/interfaces--sources.html.png
DemoForge,interfaces,v98,interfaces/state_of_the_art_key_visuals-98bbf473.html,state_of_the_art_key_visuals,subrepos/DemoForge-Archive/DemoForge/state_of_the_art_key_visuals.html,.html,3018,assets/thumbs/interfaces--state_of_the_art_key_visuals-98bbf473.html.png
Motion,interfaces,—,interfaces/state_of_the_art_key_visuals.html,state_of_the_art_key_visuals,subrepos/DemoForge-Archive/DemoForge-Motion/state_of_the_art_key_visuals.html,.html,3018,assets/thumbs/interfaces--state_of_the_art_key_visuals.html.png
DemoForge,interfaces,v1,interfaces/the-union-demo-1.html,The Union Demo (1),subrepos/DemoForge-Archive/DemoForge/The Union Demo (1).html,.html,11999,assets/thumbs/interfaces--the-union-demo-1.html.png
DemoForge,interfaces,—,interfaces/the-union-demo.html,The Union Demo,subrepos/DemoForge-Archive/DemoForge/The Union Demo.html,.html,11832,assets/thumbs/interfaces--the-union-demo.html.png
DemoForge,interfaces,v1,interfaces/union_style_demo-1.html,union_style_demo (1),subrepos/DemoForge-Archive/DemoForge/union_style_demo (1).html,.html,4465,assets/thumbs/interfaces--union_style_demo-1.html.png
DemoForge,interfaces,—,interfaces/union_style_demo.html,union_style_demo,subrepos/DemoForge-Archive/DemoForge/union_style_demo.html,.html,4471,assets/thumbs/interfaces--union_style_demo.html.png
DemoForge,interfaces,—,interfaces/versionning.html,versionning,subrepos/DemoForge-Archive/DemoForge/versionning.html,.html,5335,assets/thumbs/interfaces--versionning.html.png
DemoForge,media,v00,media/state_of_the_art_00.png,state_of_the_art_00,subrepos/DemoForge-Archive/DemoForge/state_of_the_art_refs/state_of_the_art_00.png,.png,65440,
DemoForge,media,v02,media/state_of_the_art_02.png,state_of_the_art_02,subrepos/DemoForge-Archive/DemoForge/state_of_the_art_refs/state_of_the_art_02.png,.png,62934,
DemoForge,media,v03,media/state_of_the_art_03.png,state_of_the_art_03,subrepos/DemoForge-Archive/DemoForge/state_of_the_art_refs/state_of_the_art_03.png,.png,489245,
DemoForge,media,v05,media/state_of_the_art_05.png,state_of_the_art_05,subrepos/DemoForge-Archive/DemoForge/state_of_the_art_refs/state_of_the_art_05.png,.png,347084,
DemoForge,media,v1,media/state_of_the_art_1.png,state_of_the_art_1,subrepos/DemoForge-Archive/DemoForge/state_of_the_art_refs/state_of_the_art_1.png,.png,102,
DemoForge,media,v2,media/state_of_the_art_2.png,state_of_the_art_2,subrepos/DemoForge-Archive/DemoForge/state_of_the_art_refs/state_of_the_art_2.png,.png,102,
DemoForge,media,—,media/the-union-demo.png,The Union Demo,subrepos/DemoForge-Archive/DemoForge/The Union Demo.png,.png,137581,
DemoForge,misc,v2,misc/css2,css2,subrepos/DemoForge-Archive/DemoForge/Hello World_files/css2,,7548,
DemoForge,misc,—,misc/gitignore,.gitignore,subrepos/DemoForge-Archive/.gitignore,,21,
DemoForge,misc,v8,misc/v8c78df7c7c0f484497ecbca7046644da1771523124516,v8c78df7c7c0f484497ecbca7046644da1771523124516,subrepos/DemoForge-Archive/DemoForge/DemoForge V6 — Editor-Emergent_files/v8c78df7c7c0f484497ecbca7046644da1771523124516,,31169,
DemoForge,packages,—,packages/demoforge-releases-codex.zip,DemoForge-Releases-Codex,DemoForge-Releases-Codex.zip,.zip,1111572,
DemoForge,packages,v1776355940035,packages/demoforge_export_1776355940035.zip,demoforge_export_1776355940035,subrepos/DemoForge-Archive/DemoForge/demoforge_export_1776355940035.zip,.zip,7008,
DemoForge,packages,v1776356208918,packages/demoforge_export_1776356208918.zip,demoforge_export_1776356208918,subrepos/DemoForge-Archive/DemoForge/demoforge_export_1776356208918.zip,.zip,6482,
DemoForge,packages,v9,packages/emergent-_-fullstack-app-demoforgv9_files.zip,Emergent _ Fullstack App-DemoforgV9_files,subrepos/DemoForge-Archive/DemoForge/Emergent _ Fullstack App-DemoforgV9_files.zip,.zip,468332,
DemoForge,packages,—,packages/emergent-_-fullstack-app_files.zip,Emergent _ Fullstack App_files,subrepos/DemoForge-Archive/DemoForge/Emergent _ Fullstack App_files.zip,.zip,464931,
DemoForge,packages,—,packages/emergent-version.zip,EMERGENT- VERSION,subrepos/DemoForge-Archive/DemoForge/EMERGENT- VERSION.zip,.zip,720479,
DemoForge,packages,v2,packages/vosp2.zip,vosp2,subrepos/DemoForge-Archive/DemoForge/vosp2.zip,.zip,3976,
DemoForge,releases,v1.0,releases/v1.0/index.html,DemoForge 1.0 - Codex,RELEASES_CODEX_PACKAGE/releases/DemoForge 1.0 - Codex.html,.html,366,assets/thumbs/releases--v1.0--index.html.png
DemoForge,releases,v1.1,releases/v1.1/index.html,DemoForge 1.1 - Codex,RELEASES_CODEX_PACKAGE/releases/DemoForge 1.1 - Codex.html,.html,374,assets/thumbs/releases--v1.1--index.html.png
DemoForge,releases,v1.2,releases/v1.2/index.html,DemoForge 1.2 - Codex,RELEASES_CODEX_PACKAGE/releases/DemoForge 1.2 - Codex.html,.html,374,assets/thumbs/releases--v1.2--index.html.png
DemoForge,releases,v1.3,releases/v1.3/index.html,DemoForge 1.3 - Codex,RELEASES_CODEX_PACKAGE/releases/DemoForge 1.3 - Codex.html,.html,374,assets/thumbs/releases--v1.3--index.html.png
DemoForge,releases,v1.4,releases/v1.4/index.html,DemoForge 1.4 - Codex,RELEASES_CODEX_PACKAGE/releases/DemoForge 1.4 - Codex.html,.html,374,assets/thumbs/releases--v1.4--index.html.png
DemoForge,releases,v1.5,releases/v1.5/index.html,DemoForge 1.5 - Codex,RELEASES_CODEX_PACKAGE/releases/DemoForge 1.5 - Codex.html,.html,374,assets/thumbs/releases--v1.5--index.html.png
DemoForge,releases,v1.6,releases/v1.6/index.html,DemoForge 1.6 - Codex,RELEASES_CODEX_PACKAGE/releases/DemoForge 1.6 - Codex.html,.html,374,assets/thumbs/releases--v1.6--index.html.png
DemoForge,releases,v1.7,releases/v1.7/index.html,DemoForge 1.7 - Codex,RELEASES_CODEX_PACKAGE/releases/DemoForge 1.7 - Codex.html,.html,354,assets/thumbs/releases--v1.7--index.html.png
DemoForge,releases,v5.74,releases/v5.74/index.html,DemoForge 5.74 - Codex,RELEASES_CODEX_PACKAGE/releases/DemoForge 5.74 - Codex.html,.html,115740,assets/thumbs/releases--v5.74--index.html.png
DemoForge,releases,v5.76,releases/v5.76/index.html,DemoForge 5.76 - Codex,RELEASES_CODEX_PACKAGE/releases/DemoForge 5.76 - Codex.html,.html,122757,assets/thumbs/releases--v5.76--index.html.png
DemoForge,releases,v5.78,releases/v5.78/index.html,DemoForge 5.78 - Codex,RELEASES_CODEX_PACKAGE/releases/DemoForge 5.78 - Codex.html,.html,136878,assets/thumbs/releases--v5.78--index.html.png
DemoForge,releases,v5.80,releases/v5.80/index.html,DemoForge 5.80 - Codex,RELEASES_CODEX_PACKAGE/releases/DemoForge 5.80 - Codex.html,.html,141327,assets/thumbs/releases--v5.80--index.html.png
DemoForge,releases,v5.82,releases/v5.82/index.html,DemoForge 5.82 - Codex,RELEASES_CODEX_PACKAGE/releases/DemoForge 5.82 - Codex.html,.html,124356,assets/thumbs/releases--v5.82--index.html.png
DemoForge,releases,v5.84,releases/v5.84/index.html,DemoForge 5.84 - Codex,RELEASES_CODEX_PACKAGE/releases/DemoForge 5.84 - Codex.html,.html,122004,assets/thumbs/releases--v5.84--index.html.png
DemoForge,releases,v5.86,releases/v5.86/index.html,DemoForge 5.86 - Codex,RELEASES_CODEX_PACKAGE/releases/DemoForge 5.86 - Codex.html,.html,128618,assets/thumbs/releases--v5.86--index.html.png
DemoForge,releases,v5.87,releases/v5.87/index.html,DemoForge 5.87 - Codex,RELEASES_CODEX_PACKAGE/releases/DemoForge 5.87 - Codex.html,.html,139716,assets/thumbs/releases--v5.87--index.html.png
DemoForge,releases,v5.88,releases/v5.88/index.html,DemoForge 5.88 - Codex,RELEASES_CODEX_PACKAGE/releases/DemoForge 5.88 - Codex.html,.html,124904,assets/thumbs/releases--v5.88--index.html.png
DemoForge,releases,v5.89,releases/v5.89/index.html,DemoForge 5.89 - Codex,RELEASES_CODEX_PACKAGE/releases/DemoForge 5.89 - Codex.html,.html,125826,assets/thumbs/releases--v5.89--index.html.png
DemoForge,releases,v5.91,releases/v5.91/index.html,DemoForge 5.91 - Codex,RELEASES_CODEX_PACKAGE/releases/DemoForge 5.91 - Codex.html,.html,134474,assets/thumbs/releases--v5.91--index.html.png
DemoForge,releases,v5.92,releases/v5.92/index.html,DemoForge 5.92 - Codex,RELEASES_CODEX_PACKAGE/releases/DemoForge 5.92 - Codex.html,.html,134432,assets/thumbs/releases--v5.92--index.html.png
DemoForge,releases,v5.93,releases/v5.93/index.html,DemoForge 5.93 - Codex,RELEASES_CODEX_PACKAGE/releases/DemoForge 5.93 - Codex.html,.html,134923,assets/thumbs/releases--v5.93--index.html.png
DemoForge,releases,v5.94,releases/v5.94/index.html,DemoForge 5.94 - Codex,RELEASES_CODEX_PACKAGE/releases/DemoForge 5.94 - Codex.html,.html,139976,assets/thumbs/releases--v5.94--index.html.png
DemoForge,releases,v5.95,releases/v5.95/index.html,DemoForge 5.95 - Codex,RELEASES_CODEX_PACKAGE/releases/DemoForge 5.95 - Codex.html,.html,142040,assets/thumbs/releases--v5.95--index.html.png
DemoForge,releases,v6.0,releases/v6.0/index.html,DemoForge 6.0 - Codex,RELEASES_CODEX_PACKAGE/releases/DemoForge 6.0 - Codex.html,.html,17526,assets/thumbs/releases--v6.0--index.html.png
DemoForge,releases,v7.60,releases/v7.60/index.html,DemoForge 7.60 - Codex,RELEASES_CODEX_PACKAGE/releases/DemoForge 7.60 - Codex.html,.html,162819,assets/thumbs/releases--v7.60--index.html.png
DemoForge,releases,v7.80,releases/v7.80/index.html,DemoForge 7.80 - Codex,RELEASES_CODEX_PACKAGE/releases/DemoForge 7.80 - Codex.html,.html,184637,assets/thumbs/releases--v7.80--index.html.png
DemoForge,releases,v8.0,releases/v8.0/index.html,DemoForge 8.00 - Codex,RELEASES_CODEX_PACKAGE/releases/DemoForge 8.00 - Codex.html,.html,137638,assets/thumbs/releases--v8.0--index.html.png
DemoForge,releases,v8.20,releases/v8.20/index.html,DemoForge 8.20 - Codex,RELEASES_CODEX_PACKAGE/releases/DemoForge 8.20 - Codex.html,.html,140992,assets/thumbs/releases--v8.20--index.html.png
DemoForge,releases,v8.40,releases/v8.40/index.html,DemoForge 8.40 - Codex,RELEASES_CODEX_PACKAGE/releases/DemoForge 8.40 - Codex.html,.html,143127,assets/thumbs/releases--v8.40--index.html.png
DemoForge,releases,v8.60,releases/v8.60/index.html,DemoForge 8.60 - Codex,RELEASES_CODEX_PACKAGE/releases/DemoForge 8.60 - Codex.html,.html,149791,assets/thumbs/releases--v8.60--index.html.png
DemoForge,releases,v8.90,releases/v8.90/index.html,DemoForge 8.90 - Codex,RELEASES_CODEX_PACKAGE/releases/DemoForge 8.90 - Codex.html,.html,232847,assets/thumbs/releases--v8.90--index.html.png
DemoForge,releases,v9.0,releases/v9.0/index.html,DemoForge 9.0 - Codex,RELEASES_CODEX_PACKAGE/releases/DemoForge 9.0 - Codex.html,.html,136361,assets/thumbs/releases--v9.0--index.html.png
DemoForge,releases,v9.10,releases/v9.10/index.html,DemoForge 9.10 - Codex,RELEASES_CODEX_PACKAGE/releases/DemoForge 9.10 - Codex.html,.html,241591,assets/thumbs/releases--v9.10--index.html.png
DemoForge,releases,v9.30,releases/v9.30/index.html,DemoForge 9.30 - Codex,RELEASES_CODEX_PACKAGE/releases/DemoForge 9.30 - Codex.html,.html,253970,assets/thumbs/releases--v9.30--index.html.png
DemoForge,releases,v9.50,releases/v9.50/index.html,DemoForge 9.50 - Codex,RELEASES_CODEX_PACKAGE/releases/DemoForge 9.50 - Codex.html,.html,32947,assets/thumbs/releases--v9.50--index.html.png
DemoForge,releases,v9.70,releases/v9.70/index.html,DemoForge 9.70 - Codex,RELEASES_CODEX_PACKAGE/releases/DemoForge 9.70 - Codex.html,.html,27366,assets/thumbs/releases--v9.70--index.html.png
DemoForge,releases,v10.0,releases/v10.0/index.html,DemoForge 10.0 - Codex,RELEASES_CODEX_PACKAGE/releases/DemoForge 10.0 - Codex.html,.html,35664,assets/thumbs/releases--v10.0--index.html.png
DemoForge,releases,v15.0,releases/v15.0/index.html,DemoForge 15.0 - Codex,RELEASES_CODEX_PACKAGE/releases/DemoForge 15.0 - Codex.html,.html,354904,assets/thumbs/releases--v15.0--index.html.png
