source_path,path,name,title,display_title,category,version,extension,size_bytes,thumbnail
subrepos/DemoForge-Archive/DemoForge/nd-ui.vgm,audio/nd-ui.vgm,nd-ui.vgm,nd-ui,,audio,,.vgm,28184,
subrepos/DemoForge-Archive/DemoForge/Snork_Intro_Union.sndh,audio/snork_intro_union.sndh,Snork_Intro_Union.sndh,Snork_Intro_Union,,audio,,.sndh,69570,
subrepos/DemoForge-Archive/DemoForge/Unio-Demo.vgm,audio/unio-demo.vgm,Unio-Demo.vgm,Unio-Demo,,audio,,.vgm,28184,
subrepos/DemoForge-Archive/DemoForge/auto_push.sh,code-data/auto_push.sh,auto_push.sh,auto_push,,code-data,,.sh,476,
subrepos/DemoForge-Archive/DemoForge-Motion/js/config.js,code-data/config.js,config.js,config,,code-data,,.js,1425,
subrepos/DemoForge-Archive/DemoForge-Motion/js/core.js,code-data/core.js,core.js,core,,code-data,,.js,52368,
subrepos/DemoForge-Archive/DemoForge/demoforge_export_1776355940035/CREDITS.json,code-data/credits.json,CREDITS.json,CREDITS,,code-data,,.json,2746,
subrepos/DemoForge-Archive/DemoForge-Motion/modules/effects.json,code-data/effects.json,effects.json,effects,,code-data,,.json,4983,
subrepos/DemoForge-Archive/DemoForge-Motion/js/export.js,code-data/export.js,export.js,export,,code-data,,.js,3123,
subrepos/DemoForge-Archive/DemoForge-Motion/js/modules.js,code-data/modules.js,modules.js,modules,,code-data,,.js,3371,
subrepos/DemoForge-Archive/DemoForge/Set_de_depart.set (1).json,code-data/set_de_depart.set-1.json,Set_de_depart.set (1).json,Set_de_depart.set (1),,code-data,,.json,3436,
subrepos/DemoForge-Archive/DemoForge/Set_de_depart.set.json,code-data/set_de_depart.set.json,Set_de_depart.set.json,Set_de_depart.set,,code-data,,.json,2822,
subrepos/DemoForge-Archive/DemoForge-Motion/js/timeline.js,code-data/timeline.js,timeline.js,timeline,,code-data,,.js,10866,
subrepos/DemoForge-Archive/DemoForge/data/versions.json,code-data/versions.json,versions.json,versions,,code-data,,.json,3723,
subrepos/DemoForge-Archive/DemoForge/DEMOFORGE-ARCHITECTURE-GLOBAL-EN-V1.0.pdf,docs/v1.0-demoforge-architecture-global-en-v1.0.pdf,DEMOFORGE-ARCHITECTURE-GLOBAL-EN-V1.0.pdf,DEMOFORGE-ARCHITECTURE-GLOBAL-EN-V1.0,,docs,v1.0,.pdf,51566,
subrepos/DemoForge-Archive/DemoForge/DEMOFORGE-ARCHITECTURE-GLOBALE-V1.0.pdf,docs/v1.0-demoforge-architecture-globale-v1.0.pdf,DEMOFORGE-ARCHITECTURE-GLOBALE-V1.0.pdf,DEMOFORGE-ARCHITECTURE-GLOBALE-V1.0,,docs,v1.0,.pdf,51217,
subrepos/DemoForge-Archive/DemoForge/DEMOFORGE-BIBLE-V1.0 (1).pdf,docs/v1.0-demoforge-bible-v1.0-1.pdf,DEMOFORGE-BIBLE-V1.0 (1).pdf,DEMOFORGE-BIBLE-V1.0 (1),,docs,v1.0,.pdf,54828,
subrepos/DemoForge-Archive/DemoForge/DEMOFORGE-BIBLE-V1.0.pdf,docs/v1.0-demoforge-bible-v1.0.pdf,DEMOFORGE-BIBLE-V1.0.pdf,DEMOFORGE-BIBLE-V1.0,,docs,v1.0,.pdf,54828,
subrepos/DemoForge-Archive/DemoForge/DEMOFORGE-ARCHITECTURE-GLOBALE-V1.1.pdf,docs/v1.1-demoforge-architecture-globale-v1.1.pdf,DEMOFORGE-ARCHITECTURE-GLOBALE-V1.1.pdf,DEMOFORGE-ARCHITECTURE-GLOBALE-V1.1,,docs,v1.1,.pdf,55553,
subrepos/DemoForge-Archive/DemoForge/CAHIER_DE_SYNTHESE_DEMOFORGE_V1.md,docs/cahier_de_synthese_demoforge_v1.md,CAHIER_DE_SYNTHESE_DEMOFORGE_V1.md,CAHIER_DE_SYNTHESE_DEMOFORGE_V1,,docs,,.md,8092,
subrepos/DemoForge-Archive/DemoForge/CLAUDE_V2_MASTER_PROMPT.md,docs/claude_v2_master_prompt.md,CLAUDE_V2_MASTER_PROMPT.md,CLAUDE_V2_MASTER_PROMPT,,docs,,.md,3906,
subrepos/DemoForge-Archive/DemoForge/CLAUDE_V2_TASKS.md,docs/claude_v2_tasks.md,CLAUDE_V2_TASKS.md,CLAUDE_V2_TASKS,,docs,,.md,4783,
FILE_LIST_ALL.txt,docs/file_list_all.txt,FILE_LIST_ALL.txt,FILE_LIST_ALL,,docs,,.txt,116796,
HTML_RELEASES_SORTED.txt,docs/html_releases_sorted.txt,HTML_RELEASES_SORTED.txt,HTML_RELEASES_SORTED,,docs,,.txt,73385,
subrepos/DemoForge-Archive/DemoForge/je veux que des truc ultra leger pas de mp3.pdf,docs/je-veux-que-des-truc-ultra-leger-pas-de-mp3.pdf,je veux que des truc ultra leger pas de mp3.pdf,je veux que des truc ultra leger pas de mp3,,docs,,.pdf,287644,
subrepos/DemoForge-Archive/DemoForge/🎬 MEGA PROMPT CLAUDE — Dashboard Demoscene Generat.md,docs/mega-prompt-claude-dashboard-demoscene-generat.md,🎬 MEGA PROMPT CLAUDE — Dashboard Demoscene Generat.md,🎬 MEGA PROMPT CLAUDE — Dashboard Demoscene Generat,,docs,,.md,26494,
"subrepos/DemoForge-Archive/DemoForge/Pour chaque sujet , modules, effets, elements , co (1).md",docs/pour-chaque-sujet-modules-effets-elements-co-1.md,"Pour chaque sujet , modules, effets, elements , co (1).md","Pour chaque sujet , modules, effets, elements , co (1)",,docs,,.md,13915,
"subrepos/DemoForge-Archive/DemoForge/Pour chaque sujet , modules, effets, elements , co (2).md",docs/pour-chaque-sujet-modules-effets-elements-co-2.md,"Pour chaque sujet , modules, effets, elements , co (2).md","Pour chaque sujet , modules, effets, elements , co (2)",,docs,,.md,13915,
"subrepos/DemoForge-Archive/DemoForge/Pour chaque sujet , modules, effets, elements , co.md",docs/pour-chaque-sujet-modules-effets-elements-co.md,"Pour chaque sujet , modules, effets, elements , co.md","Pour chaque sujet , modules, effets, elements , co",,docs,,.md,13915,
subrepos/DemoForge-Archive/DemoForge/PROGRESSION.md,docs/progression.md,PROGRESSION.md,PROGRESSION,,docs,,.md,1668,
subrepos/DemoForge-Archive/DemoForge/PROMPT_MASTER_DEMOFORGE_V1.md,docs/prompt_master_demoforge_v1.md,PROMPT_MASTER_DEMOFORGE_V1.md,PROMPT_MASTER_DEMOFORGE_V1,,docs,,.md,6777,
subrepos/DemoForge-Archive/DemoForge-Motion/README.md,docs/readme-49096ee2.md,README.md,README,,docs,,.md,2185,
subrepos/DemoForge-Archive/DemoForge/README.md,docs/readme-9e4b8aad.md,README.md,README,,docs,,.md,3558,
subrepos/DemoForge-Archive/README.md,docs/readme-a75f4b5a.md,README.md,README,,docs,,.md,273,
RELEASES_CODEX_PACKAGE/README.md,docs/readme-f57afb0d.md,README.md,README,,docs,,.md,152,
README.md,docs/readme.md,README.md,README,,docs,,.md,96,
subrepos/DemoForge-Archive/DemoForge/demoforge_export_1776355940035/README.txt,docs/readme.txt,README.txt,README,,docs,,.txt,600,
subrepos/DemoForge-Archive/DemoForge/refait moi une synthèse profonde en mode ameliorat (1).md,docs/refait-moi-une-synthese-profonde-en-mode-ameliorat-1.md,refait moi une synthèse profonde en mode ameliorat (1).md,refait moi une synthèse profonde en mode ameliorat (1),,docs,,.md,311026,
subrepos/DemoForge-Archive/DemoForge/Résumer la page actuelle.md,docs/resumer-la-page-actuelle.md,Résumer la page actuelle.md,Résumer la page actuelle,,docs,,.md,5637,
subrepos/DemoForge-Archive/DemoForge/V2_BRIEF.md,docs/v2_brief.md,V2_BRIEF.md,V2_BRIEF,,docs,,.md,1804,
subrepos/DemoForge-Archive/DemoForge/demoforge-2030-V1 (1).html,interfaces/v1.0-demoforge-2030-v1-1.html,demoforge-2030-V1 (1).html,demoforge-2030-V1 (1),demoforge-2030-V1 (1),interfaces,v1.0,.html,44865,assets/thumbs/interfaces--v1.0-demoforge-2030-v1-1.html.png
subrepos/DemoForge-Archive/DemoForge/demoforge-2030-V1.html,interfaces/v1.0-demoforge-2030-v1.html,demoforge-2030-V1.html,demoforge-2030-V1,demoforge-2030-V1,interfaces,v1.0,.html,44865,assets/thumbs/interfaces--v1.0-demoforge-2030-v1.html.png
subrepos/DemoForge-Archive/DemoForge/index-CNC-V1.html,interfaces/v1.0-index-cnc-v1.html,index-CNC-V1.html,index-CNC-V1,index-CNC-V1,interfaces,v1.0,.html,101183,assets/thumbs/interfaces--v1.0-index-cnc-v1.html.png
subrepos/DemoForge-Archive/DemoForge/demomaker-V1.1.html,interfaces/v1.1-demomaker-v1.1.html,demomaker-V1.1.html,demomaker-V1.1,demomaker-V1.1,interfaces,v1.1,.html,46185,assets/thumbs/interfaces--v1.1-demomaker-v1.1.html.png
subrepos/DemoForge-Archive/DemoForge/index-CNC-V1.1.html,interfaces/v1.1-index-cnc-v1.1.html,index-CNC-V1.1.html,index-CNC-V1.1,index-CNC-V1.1,interfaces,v1.1,.html,101217,assets/thumbs/interfaces--v1.1-index-cnc-v1.1.html.png
subrepos/DemoForge-Archive/DemoForge/index-demoforge-V1.1.html,interfaces/v1.1-index-demoforge-v1.1.html,index-demoforge-V1.1.html,index-demoforge-V1.1,index-demoforge-V1.1,interfaces,v1.1,.html,78655,assets/thumbs/interfaces--v1.1-index-demoforge-v1.1.html.png
subrepos/DemoForge-Archive/DemoForge/index-CNC-V1.2.html,interfaces/v1.2-index-cnc-v1.2.html,index-CNC-V1.2.html,index-CNC-V1.2,index-CNC-V1.2,interfaces,v1.2,.html,102070,assets/thumbs/interfaces--v1.2-index-cnc-v1.2.html.png
subrepos/DemoForge-Archive/DemoForge/index-CNC-V1.3.html,interfaces/v1.3-index-cnc-v1.3.html,index-CNC-V1.3.html,index-CNC-V1.3,index-CNC-V1.3,interfaces,v1.3,.html,100837,assets/thumbs/interfaces--v1.3-index-cnc-v1.3.html.png
subrepos/DemoForge-Archive/DemoForge/index-CNC-V1.4.html,interfaces/v1.4-index-cnc-v1.4.html,index-CNC-V1.4.html,index-CNC-V1.4,index-CNC-V1.4,interfaces,v1.4,.html,100814,assets/thumbs/interfaces--v1.4-index-cnc-v1.4.html.png
subrepos/DemoForge-Archive/DemoForge/index-CNC-V1.5.html,interfaces/v1.5-index-cnc-v1.5.html,index-CNC-V1.5.html,index-CNC-V1.5,index-CNC-V1.5,interfaces,v1.5,.html,102402,assets/thumbs/interfaces--v1.5-index-cnc-v1.5.html.png
subrepos/DemoForge-Archive/DemoForge/index-CNC-V1.6.html,interfaces/v1.6-index-cnc-v1.6.html,index-CNC-V1.6.html,index-CNC-V1.6,index-CNC-V1.6,interfaces,v1.6,.html,102921,assets/thumbs/interfaces--v1.6-index-cnc-v1.6.html.png
subrepos/DemoForge-Archive/DemoForge/demomaker-V2.0 (1).html,interfaces/v2.0-demomaker-v2.0-1.html,demomaker-V2.0 (1).html,demomaker-V2.0 (1),demomaker-V2.0 (1),interfaces,v2.0,.html,54750,assets/thumbs/interfaces--v2.0-demomaker-v2.0-1.html.png
subrepos/DemoForge-Archive/DemoForge/demomaker-V2.0.html,interfaces/v2.0-demomaker-v2.0.html,demomaker-V2.0.html,demomaker-V2.0,demomaker-V2.0,interfaces,v2.0,.html,54750,assets/thumbs/interfaces--v2.0-demomaker-v2.0.html.png
subrepos/DemoForge-Archive/DemoForge/DemoForge V6 — Editor-Emergent.html,interfaces/v6.0-demoforge-v6-editor-emergent.html,DemoForge V6 — Editor-Emergent.html,DemoForge V6 — Editor-Emergent,DemoForge V6 — Editor-Emergent,interfaces,v6.0,.html,132550,assets/thumbs/interfaces--v6.0-demoforge-v6-editor-emergent.html.png
subrepos/DemoForge-Archive/DemoForge/demoforge_7.60_edu_0.6.html,interfaces/v7.0-demoforge_7.60_edu_0.6.html,demoforge_7.60_edu_0.6.html,demoforge_7.60_edu_0.6,demoforge_7.60_edu_0.6,interfaces,v7.0,.html,162819,assets/thumbs/interfaces--v7.0-demoforge_7.60_edu_0.6.html.png
subrepos/DemoForge-Archive/DemoForge/demoforge_7.60_edu_0.8.html,interfaces/v7.0-demoforge_7.60_edu_0.8.html,demoforge_7.60_edu_0.8.html,demoforge_7.60_edu_0.8,demoforge_7.60_edu_0.8,interfaces,v7.0,.html,176175,assets/thumbs/interfaces--v7.0-demoforge_7.60_edu_0.8.html.png
subrepos/DemoForge-Archive/DemoForge/demoforge_7.80.html,interfaces/v7.80-demoforge_7.80.html,demoforge_7.80.html,demoforge_7.80,demoforge_7.80,interfaces,v7.80,.html,184637,assets/thumbs/interfaces--v7.80-demoforge_7.80.html.png
subrepos/DemoForge-Archive/DemoForge/demoforge_8.00_stable.html,interfaces/v8.0-demoforge_8.00_stable.html,demoforge_8.00_stable.html,demoforge_8.00_stable,demoforge_8.00_stable,interfaces,v8.0,.html,137638,assets/thumbs/interfaces--v8.0-demoforge_8.00_stable.html.png
subrepos/DemoForge-Archive/DemoForge/demoforge_8.20.html,interfaces/v8.20-demoforge_8.20.html,demoforge_8.20.html,demoforge_8.20,demoforge_8.20,interfaces,v8.20,.html,140992,assets/thumbs/interfaces--v8.20-demoforge_8.20.html.png
subrepos/DemoForge-Archive/DemoForge/demoforge_8.40.html,interfaces/v8.40-demoforge_8.40.html,demoforge_8.40.html,demoforge_8.40,demoforge_8.40,interfaces,v8.40,.html,143127,assets/thumbs/interfaces--v8.40-demoforge_8.40.html.png
subrepos/DemoForge-Archive/DemoForge/demoforge_8.60.html,interfaces/v8.60-demoforge_8.60.html,demoforge_8.60.html,demoforge_8.60,demoforge_8.60,interfaces,v8.60,.html,149791,assets/thumbs/interfaces--v8.60-demoforge_8.60.html.png
V15.html,interfaces/v15.0-v15-892b182b.html,V15.html,V15,V15,interfaces,v15.0,.html,354904,assets/thumbs/interfaces--v15.0-v15-892b182b.html.png
subrepos/DemoForge-Archive/DemoForge/V15.html,interfaces/v15.0-v15.html,V15.html,V15,V15,interfaces,v15.0,.html,354904,assets/thumbs/interfaces--v15.0-v15.html.png
subrepos/DemoForge-Archive/DemoForge/1-demoforge_motion_studio.html,interfaces/1-demoforge_motion_studio.html,1-demoforge_motion_studio.html,1-demoforge_motion_studio,1-demoforge_motion_studio,interfaces,,.html,29706,assets/thumbs/interfaces--1-demoforge_motion_studio.html.png
subrepos/DemoForge-Archive/DemoForge/CNC Coding Is Not A Crime -Clean - Base.html,interfaces/cnc-coding-is-not-a-crime-clean-base.html,CNC Coding Is Not A Crime -Clean - Base.html,CNC Coding Is Not A Crime -Clean - Base,CNC Coding Is Not A Crime -Clean - Base,interfaces,,.html,83708,assets/thumbs/interfaces--cnc-coding-is-not-a-crime-clean-base.html.png
subrepos/DemoForge-Archive/DemoForge/demoforge-motion-studio-single-dance-steps.html,interfaces/demoforge-motion-studio-single-dance-steps.html,demoforge-motion-studio-single-dance-steps.html,demoforge-motion-studio-single-dance-steps,demoforge-motion-studio-single-dance-steps,interfaces,,.html,17336,assets/thumbs/interfaces--demoforge-motion-studio-single-dance-steps.html.png
subrepos/DemoForge-Archive/DemoForge/demoforge_clean_direct.html,interfaces/demoforge_clean_direct.html,demoforge_clean_direct.html,demoforge_clean_direct,demoforge_clean_direct,interfaces,,.html,7972,assets/thumbs/interfaces--demoforge_clean_direct.html.png
subrepos/DemoForge-Archive/DemoForge/DEMOFORGE_DOC.html,interfaces/demoforge_doc.html,DEMOFORGE_DOC.html,DEMOFORGE_DOC,DEMOFORGE_DOC,interfaces,,.html,12237,assets/thumbs/interfaces--demoforge_doc.html.png
subrepos/DemoForge-Archive/DemoForge/demoforge_editor_layers_music_export_fixed.html,interfaces/demoforge_editor_layers_music_export_fixed.html,demoforge_editor_layers_music_export_fixed.html,demoforge_editor_layers_music_export_fixed,demoforge_editor_layers_music_export_fixed,interfaces,,.html,75170,assets/thumbs/interfaces--demoforge_editor_layers_music_export_fixed.html.png
subrepos/DemoForge-Archive/DemoForge/demoforge_editor_music_export.html,interfaces/demoforge_editor_music_export.html,demoforge_editor_music_export.html,demoforge_editor_music_export,demoforge_editor_music_export,interfaces,,.html,71716,assets/thumbs/interfaces--demoforge_editor_music_export.html.png
subrepos/DemoForge-Archive/DemoForge/demoforge_edu_audio_timeline.html,interfaces/demoforge_edu_audio_timeline.html,demoforge_edu_audio_timeline.html,demoforge_edu_audio_timeline,demoforge_edu_audio_timeline,interfaces,,.html,143014,assets/thumbs/interfaces--demoforge_edu_audio_timeline.html.png
subrepos/DemoForge-Archive/DemoForge/demoforge_edu_base.html,interfaces/demoforge_edu_base.html,demoforge_edu_base.html,demoforge_edu_base,demoforge_edu_base,interfaces,,.html,135804,assets/thumbs/interfaces--demoforge_edu_base.html.png
subrepos/DemoForge-Archive/DemoForge/demoforge_edu_v0.2.html,interfaces/demoforge_edu_v0.2.html,demoforge_edu_v0.2.html,demoforge_edu_v0.2,demoforge_edu_v0.2,interfaces,,.html,31828,assets/thumbs/interfaces--demoforge_edu_v0.2.html.png
subrepos/DemoForge-Archive/DemoForge/demoforge_edu_v0.4.html,interfaces/demoforge_edu_v0.4.html,demoforge_edu_v0.4.html,demoforge_edu_v0.4,demoforge_edu_v0.4,interfaces,,.html,144694,assets/thumbs/interfaces--demoforge_edu_v0.4.html.png
subrepos/DemoForge-Archive/DemoForge/demoforge_export_music (1).html,interfaces/demoforge_export_music-1.html,demoforge_export_music (1).html,demoforge_export_music (1),demoforge_export_music (1),interfaces,,.html,54166,assets/thumbs/interfaces--demoforge_export_music-1.html.png
subrepos/DemoForge-Archive/DemoForge/#MOTION/demoforge_export_music (3).html,interfaces/demoforge_export_music-3.html,demoforge_export_music (3).html,demoforge_export_music (3),demoforge_export_music (3),interfaces,,.html,50694,assets/thumbs/interfaces--demoforge_export_music-3.html.png
subrepos/DemoForge-Archive/DemoForge/demoforge_export_music.html,interfaces/demoforge_export_music.html,demoforge_export_music.html,demoforge_export_music,demoforge_export_music,interfaces,,.html,54684,assets/thumbs/interfaces--demoforge_export_music.html.png
subrepos/DemoForge-Archive/DemoForge/demoforge_full_layer_editor.html,interfaces/demoforge_full_layer_editor.html,demoforge_full_layer_editor.html,demoforge_full_layer_editor,demoforge_full_layer_editor,interfaces,,.html,85797,assets/thumbs/interfaces--demoforge_full_layer_editor.html.png
subrepos/DemoForge-Archive/DemoForge/demoforge_full_layer_editor_v2.html,interfaces/demoforge_full_layer_editor_v2.html,demoforge_full_layer_editor_v2.html,demoforge_full_layer_editor_v2,demoforge_full_layer_editor_v2,interfaces,,.html,89134,assets/thumbs/interfaces--demoforge_full_layer_editor_v2.html.png
subrepos/DemoForge-Archive/DemoForge/!demoforge_full_layer_editor_v3_dragdrop.html,interfaces/demoforge_full_layer_editor_v3_dragdrop.html,!demoforge_full_layer_editor_v3_dragdrop.html,!demoforge_full_layer_editor_v3_dragdrop,!demoforge_full_layer_editor_v3_dragdrop,interfaces,,.html,90192,assets/thumbs/interfaces--demoforge_full_layer_editor_v3_dragdrop.html.png
subrepos/DemoForge-Archive/DemoForge/demoforge_full_layer_editor_v4_multilang_assets.html,interfaces/demoforge_full_layer_editor_v4_multilang_assets.html,demoforge_full_layer_editor_v4_multilang_assets.html,demoforge_full_layer_editor_v4_multilang_assets,demoforge_full_layer_editor_v4_multilang_assets,interfaces,,.html,97628,assets/thumbs/interfaces--demoforge_full_layer_editor_v4_multilang_assets.html.png
subrepos/DemoForge-Archive/DemoForge/demoforge_full_layer_editor_v5_fixed.html,interfaces/demoforge_full_layer_editor_v5_fixed.html,demoforge_full_layer_editor_v5_fixed.html,demoforge_full_layer_editor_v5_fixed,demoforge_full_layer_editor_v5_fixed,interfaces,,.html,96167,assets/thumbs/interfaces--demoforge_full_layer_editor_v5_fixed.html.png
subrepos/DemoForge-Archive/DemoForge/demoforge_full_layer_editor_v6_links_emoji.html,interfaces/demoforge_full_layer_editor_v6_links_emoji.html,demoforge_full_layer_editor_v6_links_emoji.html,demoforge_full_layer_editor_v6_links_emoji,demoforge_full_layer_editor_v6_links_emoji,interfaces,,.html,99322,assets/thumbs/interfaces--demoforge_full_layer_editor_v6_links_emoji.html.png
subrepos/DemoForge-Archive/DemoForge/demoforge_full_layer_editor_v7_repaired_links.html,interfaces/demoforge_full_layer_editor_v7_repaired_links.html,demoforge_full_layer_editor_v7_repaired_links.html,demoforge_full_layer_editor_v7_repaired_links,demoforge_full_layer_editor_v7_repaired_links,interfaces,,.html,102177,assets/thumbs/interfaces--demoforge_full_layer_editor_v7_repaired_links.html.png
subrepos/DemoForge-Archive/DemoForge/demoforge_full_layer_editor_v8_ui_presets.html,interfaces/demoforge_full_layer_editor_v8_ui_presets.html,demoforge_full_layer_editor_v8_ui_presets.html,demoforge_full_layer_editor_v8_ui_presets,demoforge_full_layer_editor_v8_ui_presets,interfaces,,.html,100415,assets/thumbs/interfaces--demoforge_full_layer_editor_v8_ui_presets.html.png
subrepos/DemoForge-Archive/DemoForge/#MOTION/demoforge_fullscreen_animated.html,interfaces/demoforge_fullscreen_animated.html,demoforge_fullscreen_animated.html,demoforge_fullscreen_animated,demoforge_fullscreen_animated,interfaces,,.html,300908,assets/thumbs/interfaces--demoforge_fullscreen_animated.html.png
subrepos/DemoForge-Archive/DemoForge-Motion/DEMOFORGE_FULLSCREEN_DEMO.html,interfaces/demoforge_fullscreen_demo.html,DEMOFORGE_FULLSCREEN_DEMO.html,DEMOFORGE_FULLSCREEN_DEMO,DEMOFORGE_FULLSCREEN_DEMO,interfaces,,.html,26310,assets/thumbs/interfaces--demoforge_fullscreen_demo.html.png
subrepos/DemoForge-Archive/DemoForge-Motion/DEMOFORGE_FULLSCREEN_DEMO_V1.0.html,interfaces/demoforge_fullscreen_demo_v1.0.html,DEMOFORGE_FULLSCREEN_DEMO_V1.0.html,DEMOFORGE_FULLSCREEN_DEMO_V1.0,DEMOFORGE_FULLSCREEN_DEMO_V1.0,interfaces,,.html,24904,assets/thumbs/interfaces--demoforge_fullscreen_demo_v1.0.html.png
subrepos/DemoForge-Archive/DemoForge-Motion/DEMOFORGE_FULLSCREEN_DEMO_V1.1.html,interfaces/demoforge_fullscreen_demo_v1.1.html,DEMOFORGE_FULLSCREEN_DEMO_V1.1.html,DEMOFORGE_FULLSCREEN_DEMO_V1.1,DEMOFORGE_FULLSCREEN_DEMO_V1.1,interfaces,,.html,26310,assets/thumbs/interfaces--demoforge_fullscreen_demo_v1.1.html.png
subrepos/DemoForge-Archive/DemoForge/#MOTION/demoforge_fullscreen_lite.html,interfaces/demoforge_fullscreen_lite.html,demoforge_fullscreen_lite.html,demoforge_fullscreen_lite,demoforge_fullscreen_lite,interfaces,,.html,18878,assets/thumbs/interfaces--demoforge_fullscreen_lite.html.png
subrepos/DemoForge-Archive/DemoForge/#MOTION/demoforge_lite_fullscreen.html,interfaces/demoforge_lite_fullscreen.html,demoforge_lite_fullscreen.html,demoforge_lite_fullscreen,demoforge_lite_fullscreen,interfaces,,.html,127927,assets/thumbs/interfaces--demoforge_lite_fullscreen.html.png
subrepos/DemoForge-Archive/DemoForge/DEMOFORGE_MINI.html,interfaces/demoforge_mini.html,DEMOFORGE_MINI.html,DEMOFORGE_MINI,DEMOFORGE_MINI,interfaces,,.html,20693,assets/thumbs/interfaces--demoforge_mini.html.png
subrepos/DemoForge-Archive/DemoForge/#MOTION/demoforge_motion_compact (3).html,interfaces/demoforge_motion_compact-3.html,demoforge_motion_compact (3).html,demoforge_motion_compact (3),demoforge_motion_compact (3),interfaces,,.html,267284,assets/thumbs/interfaces--demoforge_motion_compact-3.html.png
subrepos/DemoForge-Archive/DemoForge/#MOTION/demoforge_motion_compact.html,interfaces/demoforge_motion_compact.html,demoforge_motion_compact.html,demoforge_motion_compact,demoforge_motion_compact,interfaces,,.html,727111,assets/thumbs/interfaces--demoforge_motion_compact.html.png
subrepos/DemoForge-Archive/DemoForge/#MOTION/demoforge_motion_studio.html,interfaces/demoforge_motion_studio-84122891.html,demoforge_motion_studio.html,demoforge_motion_studio,demoforge_motion_studio,interfaces,,.html,76892,assets/thumbs/interfaces--demoforge_motion_studio-84122891.html.png
subrepos/DemoForge-Archive/DemoForge-Motion/demoforge_motion_studio.html,interfaces/demoforge_motion_studio.html,demoforge_motion_studio.html,demoforge_motion_studio,demoforge_motion_studio,interfaces,,.html,80151,assets/thumbs/interfaces--demoforge_motion_studio.html.png
subrepos/DemoForge-Archive/DemoForge/#MOTION/demoforge_motion_studio_pure.html,interfaces/demoforge_motion_studio_pure.html,demoforge_motion_studio_pure.html,demoforge_motion_studio_pure,demoforge_motion_studio_pure,interfaces,,.html,76394,assets/thumbs/interfaces--demoforge_motion_studio_pure.html.png
subrepos/DemoForge-Archive/DemoForge/#MOTION/demoforge_motion_studio_pure_animated_exports.html,interfaces/demoforge_motion_studio_pure_animated_exports.html,demoforge_motion_studio_pure_animated_exports.html,demoforge_motion_studio_pure_animated_exports,demoforge_motion_studio_pure_animated_exports,interfaces,,.html,83033,assets/thumbs/interfaces--demoforge_motion_studio_pure_animated_exports.html.png
subrepos/DemoForge-Archive/DemoForge/#MOTION/demoforge_motion_studio_pure_animated_exports_dnd_fixed.html,interfaces/demoforge_motion_studio_pure_animated_exports_dnd_fixed.html,demoforge_motion_studio_pure_animated_exports_dnd_fixed.html,demoforge_motion_studio_pure_animated_exports_dnd_fixed,demoforge_motion_studio_pure_animated_exports_dnd_fixed,interfaces,,.html,84215,assets/thumbs/interfaces--demoforge_motion_studio_pure_animated_exports_dnd_fixed.html.png
subrepos/DemoForge-Archive/DemoForge/demoforge_motion_studio_v0_9.html,interfaces/demoforge_motion_studio_v0_9.html,demoforge_motion_studio_v0_9.html,demoforge_motion_studio_v0_9,demoforge_motion_studio_v0_9,interfaces,,.html,17921,assets/thumbs/interfaces--demoforge_motion_studio_v0_9.html.png
subrepos/DemoForge-Archive/DemoForge/demoforge_motion_studio_v10_00_core.html,interfaces/demoforge_motion_studio_v10_00_core.html,demoforge_motion_studio_v10_00_core.html,demoforge_motion_studio_v10_00_core,demoforge_motion_studio_v10_00_core,interfaces,,.html,35664,assets/thumbs/interfaces--demoforge_motion_studio_v10_00_core.html.png
subrepos/DemoForge-Archive/DemoForge/demoforge_motion_studio_v1_3_fx_presets.html,interfaces/demoforge_motion_studio_v1_3_fx_presets.html,demoforge_motion_studio_v1_3_fx_presets.html,demoforge_motion_studio_v1_3_fx_presets,demoforge_motion_studio_v1_3_fx_presets,interfaces,,.html,176487,assets/thumbs/interfaces--demoforge_motion_studio_v1_3_fx_presets.html.png
subrepos/DemoForge-Archive/DemoForge/demoforge_motion_studio_v1_4_audio_fonts_integrated.html,interfaces/demoforge_motion_studio_v1_4_audio_fonts_integrated.html,demoforge_motion_studio_v1_4_audio_fonts_integrated.html,demoforge_motion_studio_v1_4_audio_fonts_integrated,demoforge_motion_studio_v1_4_audio_fonts_integrated,interfaces,,.html,192385,assets/thumbs/interfaces--demoforge_motion_studio_v1_4_audio_fonts_integrated.html.png
subrepos/DemoForge-Archive/DemoForge/demoforge_motion_studio_v1_5_fonts_integrated.html,interfaces/demoforge_motion_studio_v1_5_fonts_integrated.html,demoforge_motion_studio_v1_5_fonts_integrated.html,demoforge_motion_studio_v1_5_fonts_integrated,demoforge_motion_studio_v1_5_fonts_integrated,interfaces,,.html,213597,assets/thumbs/interfaces--demoforge_motion_studio_v1_5_fonts_integrated.html.png
subrepos/DemoForge-Archive/DemoForge/demoforge_motion_studio_v1_6_left_demos_restored.html,interfaces/demoforge_motion_studio_v1_6_left_demos_restored.html,demoforge_motion_studio_v1_6_left_demos_restored.html,demoforge_motion_studio_v1_6_left_demos_restored,demoforge_motion_studio_v1_6_left_demos_restored,interfaces,,.html,218844,assets/thumbs/interfaces--demoforge_motion_studio_v1_6_left_demos_restored.html.png
subrepos/DemoForge-Archive/DemoForge/demoforge_motion_studio_v1_7_repaired.html,interfaces/demoforge_motion_studio_v1_7_repaired.html,demoforge_motion_studio_v1_7_repaired.html,demoforge_motion_studio_v1_7_repaired,demoforge_motion_studio_v1_7_repaired,interfaces,,.html,218845,assets/thumbs/interfaces--demoforge_motion_studio_v1_7_repaired.html.png
subrepos/DemoForge-Archive/DemoForge/demoforge_motion_studio_v1_full_emergent_clean.html,interfaces/demoforge_motion_studio_v1_full_emergent_clean.html,demoforge_motion_studio_v1_full_emergent_clean.html,demoforge_motion_studio_v1_full_emergent_clean,demoforge_motion_studio_v1_full_emergent_clean,interfaces,,.html,153991,assets/thumbs/interfaces--demoforge_motion_studio_v1_full_emergent_clean.html.png
subrepos/DemoForge-Archive/DemoForge/demoforge_motion_studio_v1_merged.html,interfaces/demoforge_motion_studio_v1_merged.html,demoforge_motion_studio_v1_merged.html,demoforge_motion_studio_v1_merged,demoforge_motion_studio_v1_merged,interfaces,,.html,30544,assets/thumbs/interfaces--demoforge_motion_studio_v1_merged.html.png
subrepos/DemoForge-Archive/DemoForge/#MOTION/!!! demoforge_motion_studio_v2_exports_config.html,interfaces/demoforge_motion_studio_v2_exports_config.html,!!! demoforge_motion_studio_v2_exports_config.html,!!! demoforge_motion_studio_v2_exports_config,!!! demoforge_motion_studio_v2_exports_config,interfaces,,.html,93427,assets/thumbs/interfaces--demoforge_motion_studio_v2_exports_config.html.png
subrepos/DemoForge-Archive/DemoForge/demoforge_motion_studio_v8_90.html,interfaces/demoforge_motion_studio_v8_90.html,demoforge_motion_studio_v8_90.html,demoforge_motion_studio_v8_90,demoforge_motion_studio_v8_90,interfaces,,.html,232847,assets/thumbs/interfaces--demoforge_motion_studio_v8_90.html.png
subrepos/DemoForge-Archive/DemoForge/demoforge_motion_studio_v9_10.html,interfaces/demoforge_motion_studio_v9_10.html,demoforge_motion_studio_v9_10.html,demoforge_motion_studio_v9_10,demoforge_motion_studio_v9_10,interfaces,,.html,241591,assets/thumbs/interfaces--demoforge_motion_studio_v9_10.html.png
subrepos/DemoForge-Archive/DemoForge/demoforge_motion_studio_v9_30.html,interfaces/demoforge_motion_studio_v9_30.html,demoforge_motion_studio_v9_30.html,demoforge_motion_studio_v9_30,demoforge_motion_studio_v9_30,interfaces,,.html,253970,assets/thumbs/interfaces--demoforge_motion_studio_v9_30.html.png
subrepos/DemoForge-Archive/DemoForge/demoforge_motion_studio_v9_50.html,interfaces/demoforge_motion_studio_v9_50.html,demoforge_motion_studio_v9_50.html,demoforge_motion_studio_v9_50,demoforge_motion_studio_v9_50,interfaces,,.html,32947,assets/thumbs/interfaces--demoforge_motion_studio_v9_50.html.png
subrepos/DemoForge-Archive/DemoForge/demoforge_motion_studio_v9_70.html,interfaces/demoforge_motion_studio_v9_70.html,demoforge_motion_studio_v9_70.html,demoforge_motion_studio_v9_70,demoforge_motion_studio_v9_70,interfaces,,.html,27366,assets/thumbs/interfaces--demoforge_motion_studio_v9_70.html.png
subrepos/DemoForge-Archive/DemoForge/demoforge_music_demo (1).html,interfaces/demoforge_music_demo-1.html,demoforge_music_demo (1).html,demoforge_music_demo (1),demoforge_music_demo (1),interfaces,,.html,50148,assets/thumbs/interfaces--demoforge_music_demo-1.html.png
subrepos/DemoForge-Archive/DemoForge/demoforge_music_demo.html,interfaces/demoforge_music_demo.html,demoforge_music_demo.html,demoforge_music_demo,demoforge_music_demo,interfaces,,.html,49132,assets/thumbs/interfaces--demoforge_music_demo.html.png
subrepos/DemoForge-Archive/DemoForge/!demoforge_mvp.html,interfaces/demoforge_mvp.html,!demoforge_mvp.html,!demoforge_mvp,!demoforge_mvp,interfaces,,.html,55231,assets/thumbs/interfaces--demoforge_mvp.html.png
subrepos/DemoForge-Archive/DemoForge/#MOTION/demoforge_optimized_fullscreen.html,interfaces/demoforge_optimized_fullscreen.html,demoforge_optimized_fullscreen.html,demoforge_optimized_fullscreen,demoforge_optimized_fullscreen,interfaces,,.html,21122,assets/thumbs/interfaces--demoforge_optimized_fullscreen.html.png
subrepos/DemoForge-Archive/DemoForge/demoforge_phone_dancer.html,interfaces/demoforge_phone_dancer-1e6675a0.html,demoforge_phone_dancer.html,demoforge_phone_dancer,demoforge_phone_dancer,interfaces,,.html,7111,assets/thumbs/interfaces--demoforge_phone_dancer-1e6675a0.html.png
subrepos/DemoForge-Archive/DemoForge-Motion/demoforge_phone_dancer.html,interfaces/demoforge_phone_dancer.html,demoforge_phone_dancer.html,demoforge_phone_dancer,demoforge_phone_dancer,interfaces,,.html,18216,assets/thumbs/interfaces--demoforge_phone_dancer.html.png
subrepos/DemoForge-Archive/DemoForge-Motion/demoforge_phone_dancer_backup_before_restart.html,interfaces/demoforge_phone_dancer_backup_before_restart.html,demoforge_phone_dancer_backup_before_restart.html,demoforge_phone_dancer_backup_before_restart,demoforge_phone_dancer_backup_before_restart,interfaces,,.html,14141,assets/thumbs/interfaces--demoforge_phone_dancer_backup_before_restart.html.png
subrepos/DemoForge-Archive/DemoForge/demoforge_purist_mode.html,interfaces/demoforge_purist_mode.html,demoforge_purist_mode.html,demoforge_purist_mode,demoforge_purist_mode,interfaces,,.html,12914,assets/thumbs/interfaces--demoforge_purist_mode.html.png
subrepos/DemoForge-Archive/DemoForge/#MOTION/demoforge_retro_demo_editor.html,interfaces/demoforge_retro_demo_editor.html,demoforge_retro_demo_editor.html,demoforge_retro_demo_editor,demoforge_retro_demo_editor,interfaces,,.html,15255,assets/thumbs/interfaces--demoforge_retro_demo_editor.html.png
subrepos/DemoForge-Archive/DemoForge/#MOTION/demoforge_snapshot.html,interfaces/demoforge_snapshot.html,demoforge_snapshot.html,demoforge_snapshot,demoforge_snapshot,interfaces,,.html,364227,assets/thumbs/interfaces--demoforge_snapshot.html.png
subrepos/DemoForge-Archive/DemoForge/DEMOFORGE_STUDIO.html,interfaces/demoforge_studio.html,DEMOFORGE_STUDIO.html,DEMOFORGE_STUDIO,DEMOFORGE_STUDIO,interfaces,,.html,27713,assets/thumbs/interfaces--demoforge_studio.html.png
subrepos/DemoForge-Archive/DemoForge/DEMOFORGE_STUDIO_V2.html,interfaces/demoforge_studio_v2.html,DEMOFORGE_STUDIO_V2.html,DEMOFORGE_STUDIO_V2,DEMOFORGE_STUDIO_V2,interfaces,,.html,55525,assets/thumbs/interfaces--demoforge_studio_v2.html.png
subrepos/DemoForge-Archive/DemoForge/DEMOFORGE_STUDIO_V3.html,interfaces/demoforge_studio_v3.html,DEMOFORGE_STUDIO_V3.html,DEMOFORGE_STUDIO_V3,DEMOFORGE_STUDIO_V3,interfaces,,.html,53825,assets/thumbs/interfaces--demoforge_studio_v3.html.png
subrepos/DemoForge-Archive/DemoForge/demoforge_union_style_editor.html,interfaces/demoforge_union_style_editor.html,demoforge_union_style_editor.html,demoforge_union_style_editor,demoforge_union_style_editor,interfaces,,.html,19005,assets/thumbs/interfaces--demoforge_union_style_editor.html.png
subrepos/DemoForge-Archive/DemoForge/demoforge_union_style_editor_music.html,interfaces/demoforge_union_style_editor_music.html,demoforge_union_style_editor_music.html,demoforge_union_style_editor_music,demoforge_union_style_editor_music,interfaces,,.html,24569,assets/thumbs/interfaces--demoforge_union_style_editor_music.html.png
subrepos/DemoForge-Archive/DemoForge/demoforge_V1.0.0_Razor1911.html,interfaces/demoforge_v1.0.0_razor1911.html,demoforge_V1.0.0_Razor1911.html,demoforge_V1.0.0_Razor1911,demoforge_V1.0.0_Razor1911,interfaces,,.html,100699,assets/thumbs/interfaces--demoforge_v1.0.0_razor1911.html.png
subrepos/DemoForge-Archive/DemoForge/demoforge_v10_rebuild.html,interfaces/demoforge_v10_rebuild.html,demoforge_v10_rebuild.html,demoforge_v10_rebuild,demoforge_v10_rebuild,interfaces,,.html,146670,assets/thumbs/interfaces--demoforge_v10_rebuild.html.png
subrepos/DemoForge-Archive/DemoForge/demoforge_v10_step1.html,interfaces/demoforge_v10_step1.html,demoforge_v10_step1.html,demoforge_v10_step1,demoforge_v10_step1,interfaces,,.html,147464,assets/thumbs/interfaces--demoforge_v10_step1.html.png
subrepos/DemoForge-Archive/DemoForge/demoforge_V5.74_stable_fx_icons.html,interfaces/demoforge_v5.74_stable_fx_icons.html,demoforge_V5.74_stable_fx_icons.html,demoforge_V5.74_stable_fx_icons,demoforge_V5.74_stable_fx_icons,interfaces,,.html,115740,assets/thumbs/interfaces--demoforge_v5.74_stable_fx_icons.html.png
subrepos/DemoForge-Archive/DemoForge/demoforge_V5.76_CMOS_Cosmos_12_templates.html,interfaces/demoforge_v5.76_cmos_cosmos_12_templates.html,demoforge_V5.76_CMOS_Cosmos_12_templates.html,demoforge_V5.76_CMOS_Cosmos_12_templates,demoforge_V5.76_CMOS_Cosmos_12_templates,interfaces,,.html,122757,assets/thumbs/interfaces--demoforge_v5.76_cmos_cosmos_12_templates.html.png
subrepos/DemoForge-Archive/DemoForge/demoforge_V5.78_i18n_chapter_json_profile.html,interfaces/demoforge_v5.78_i18n_chapter_json_profile.html,demoforge_V5.78_i18n_chapter_json_profile.html,demoforge_V5.78_i18n_chapter_json_profile,demoforge_V5.78_i18n_chapter_json_profile,interfaces,,.html,136878,assets/thumbs/interfaces--demoforge_v5.78_i18n_chapter_json_profile.html.png
subrepos/DemoForge-Archive/DemoForge/demoforge_V5.80_scroll_pro_chain_exports.html,interfaces/demoforge_v5.80_scroll_pro_chain_exports.html,demoforge_V5.80_scroll_pro_chain_exports.html,demoforge_V5.80_scroll_pro_chain_exports,demoforge_V5.80_scroll_pro_chain_exports,interfaces,,.html,141327,assets/thumbs/interfaces--demoforge_v5.80_scroll_pro_chain_exports.html.png
subrepos/DemoForge-Archive/DemoForge/demoforge_V5.82_BASE_DEMO_STABLE.html,interfaces/demoforge_v5.82_base_demo_stable.html,demoforge_V5.82_BASE_DEMO_STABLE.html,demoforge_V5.82_BASE_DEMO_STABLE,demoforge_V5.82_BASE_DEMO_STABLE,interfaces,,.html,124356,assets/thumbs/interfaces--demoforge_v5.82_base_demo_stable.html.png
subrepos/DemoForge-Archive/DemoForge/demoforge_V5.84_BASE_PROLOCK_EXPORT_FIXED.html,interfaces/demoforge_v5.84_base_prolock_export_fixed.html,demoforge_V5.84_BASE_PROLOCK_EXPORT_FIXED.html,demoforge_V5.84_BASE_PROLOCK_EXPORT_FIXED,demoforge_V5.84_BASE_PROLOCK_EXPORT_FIXED,interfaces,,.html,122004,assets/thumbs/interfaces--demoforge_v5.84_base_prolock_export_fixed.html.png
subrepos/DemoForge-Archive/DemoForge/demoforge_V5.86_MAX_active.html,interfaces/demoforge_v5.86_max_active.html,demoforge_V5.86_MAX_active.html,demoforge_V5.86_MAX_active,demoforge_V5.86_MAX_active,interfaces,,.html,128618,assets/thumbs/interfaces--demoforge_v5.86_max_active.html.png
subrepos/DemoForge-Archive/DemoForge/demoforge_V5.86_Pro_Easter_Egg.html,interfaces/demoforge_v5.86_pro_easter_egg.html,demoforge_V5.86_Pro_Easter_Egg.html,demoforge_V5.86_Pro_Easter_Egg,demoforge_V5.86_Pro_Easter_Egg,interfaces,,.html,126652,assets/thumbs/interfaces--demoforge_v5.86_pro_easter_egg.html.png
subrepos/DemoForge-Archive/DemoForge/demoforge_V5.86_Pro_Easter_Egg_auto_serial.html,interfaces/demoforge_v5.86_pro_easter_egg_auto_serial.html,demoforge_V5.86_Pro_Easter_Egg_auto_serial.html,demoforge_V5.86_Pro_Easter_Egg_auto_serial,demoforge_V5.86_Pro_Easter_Egg_auto_serial,interfaces,,.html,130367,assets/thumbs/interfaces--demoforge_v5.86_pro_easter_egg_auto_serial.html.png
subrepos/DemoForge-Archive/DemoForge/demoforge_V5.86_Pro_Easter_Egg_levels.html,interfaces/demoforge_v5.86_pro_easter_egg_levels.html,demoforge_V5.86_Pro_Easter_Egg_levels.html,demoforge_V5.86_Pro_Easter_Egg_levels,demoforge_V5.86_Pro_Easter_Egg_levels,interfaces,,.html,128739,assets/thumbs/interfaces--demoforge_v5.86_pro_easter_egg_levels.html.png
subrepos/DemoForge-Archive/DemoForge/demoforge_V5.87_MAX_active.html,interfaces/demoforge_v5.87_max_active.html,demoforge_V5.87_MAX_active.html,demoforge_V5.87_MAX_active,demoforge_V5.87_MAX_active,interfaces,,.html,139716,assets/thumbs/interfaces--demoforge_v5.87_max_active.html.png
subrepos/DemoForge-Archive/DemoForge/demoforge_V5.88_FIXED.html,interfaces/demoforge_v5.88_fixed.html,demoforge_V5.88_FIXED.html,demoforge_V5.88_FIXED,demoforge_V5.88_FIXED,interfaces,,.html,124904,assets/thumbs/interfaces--demoforge_v5.88_fixed.html.png
subrepos/DemoForge-Archive/DemoForge/demoforge_V5.89_MAX_READY.html,interfaces/demoforge_v5.89_max_ready.html,demoforge_V5.89_MAX_READY.html,demoforge_V5.89_MAX_READY,demoforge_V5.89_MAX_READY,interfaces,,.html,125826,assets/thumbs/interfaces--demoforge_v5.89_max_ready.html.png
subrepos/DemoForge-Archive/DemoForge/demoforge_V5.91_CALQUES_COMPACT_ZX_BROWSER.html,interfaces/demoforge_v5.91_calques_compact_zx_browser.html,demoforge_V5.91_CALQUES_COMPACT_ZX_BROWSER.html,demoforge_V5.91_CALQUES_COMPACT_ZX_BROWSER,demoforge_V5.91_CALQUES_COMPACT_ZX_BROWSER,interfaces,,.html,134474,assets/thumbs/interfaces--demoforge_v5.91_calques_compact_zx_browser.html.png
subrepos/DemoForge-Archive/DemoForge/demoforge_V5.92_LAYERS_UNDO_FONTS.html,interfaces/demoforge_v5.92_layers_undo_fonts.html,demoforge_V5.92_LAYERS_UNDO_FONTS.html,demoforge_V5.92_LAYERS_UNDO_FONTS,demoforge_V5.92_LAYERS_UNDO_FONTS,interfaces,,.html,134432,assets/thumbs/interfaces--demoforge_v5.92_layers_undo_fonts.html.png
subrepos/DemoForge-Archive/DemoForge/demoforge_V5.93_LAYERS_FIXED_FONT_LOADER.html,interfaces/demoforge_v5.93_layers_fixed_font_loader.html,demoforge_V5.93_LAYERS_FIXED_FONT_LOADER.html,demoforge_V5.93_LAYERS_FIXED_FONT_LOADER,demoforge_V5.93_LAYERS_FIXED_FONT_LOADER,interfaces,,.html,134923,assets/thumbs/interfaces--demoforge_v5.93_layers_fixed_font_loader.html.png
subrepos/DemoForge-Archive/DemoForge/demoforge_V5.94_REINTEGRATED.html,interfaces/demoforge_v5.94_reintegrated.html,demoforge_V5.94_REINTEGRATED.html,demoforge_V5.94_REINTEGRATED,demoforge_V5.94_REINTEGRATED,interfaces,,.html,139976,assets/thumbs/interfaces--demoforge_v5.94_reintegrated.html.png
subrepos/DemoForge-Archive/DemoForge/demoforge_V5.95_MEDIA_IMPORT_FIXED.html,interfaces/demoforge_v5.95_media_import_fixed.html,demoforge_V5.95_MEDIA_IMPORT_FIXED.html,demoforge_V5.95_MEDIA_IMPORT_FIXED,demoforge_V5.95_MEDIA_IMPORT_FIXED,interfaces,,.html,142040,assets/thumbs/interfaces--demoforge_v5.95_media_import_fixed.html.png
subrepos/DemoForge-Archive/DemoForge/demoforge_v6_demo (1).html,interfaces/demoforge_v6_demo-1.html,demoforge_v6_demo (1).html,demoforge_v6_demo (1),demoforge_v6_demo (1),interfaces,,.html,10047,assets/thumbs/interfaces--demoforge_v6_demo-1.html.png
subrepos/DemoForge-Archive/DemoForge/demoforge_v6_demo.html,interfaces/demoforge_v6_demo.html,demoforge_v6_demo.html,demoforge_v6_demo,demoforge_v6_demo,interfaces,,.html,17526,assets/thumbs/interfaces--demoforge_v6_demo.html.png
subrepos/DemoForge-Archive/DemoForge/DemoForge_V6_Motion_Studio_from_uploaded.html,interfaces/demoforge_v6_motion_studio_from_uploaded.html,DemoForge_V6_Motion_Studio_from_uploaded.html,DemoForge_V6_Motion_Studio_from_uploaded,DemoForge_V6_Motion_Studio_from_uploaded,interfaces,,.html,29916,assets/thumbs/interfaces--demoforge_v6_motion_studio_from_uploaded.html.png
subrepos/DemoForge-Archive/DemoForge/demoforge_v9.html,interfaces/demoforge_v9.html,demoforge_v9.html,demoforge_v9,demoforge_v9,interfaces,,.html,136361,assets/thumbs/interfaces--demoforge_v9.html.png
subrepos/DemoForge-Archive/DemoForge/demoforge_v9_merged_v10fx.html,interfaces/demoforge_v9_merged_v10fx.html,demoforge_v9_merged_v10fx.html,demoforge_v9_merged_v10fx,demoforge_v9_merged_v10fx,interfaces,,.html,146838,assets/thumbs/interfaces--demoforge_v9_merged_v10fx.html.png
subrepos/DemoForge-Archive/DemoForge/demoforge_vgm_nd_ui_player.html,interfaces/demoforge_vgm_nd_ui_player.html,demoforge_vgm_nd_ui_player.html,demoforge_vgm_nd_ui_player,demoforge_vgm_nd_ui_player,interfaces,,.html,52183,assets/thumbs/interfaces--demoforge_vgm_nd_ui_player.html.png
subrepos/DemoForge-Archive/DemoForge/demomaker (1).html,interfaces/demomaker-1.html,demomaker (1).html,demomaker (1),demomaker (1),interfaces,,.html,46130,assets/thumbs/interfaces--demomaker-1.html.png
subrepos/DemoForge-Archive/DemoForge/demomaker (2).html,interfaces/demomaker-2.html,demomaker (2).html,demomaker (2),demomaker (2),interfaces,,.html,46130,assets/thumbs/interfaces--demomaker-2.html.png
subrepos/DemoForge-Archive/DemoForge/demomaker_export_1776623126861.html,interfaces/demomaker_export_1776623126861.html,demomaker_export_1776623126861.html,demomaker_export_1776623126861,demomaker_export_1776623126861,interfaces,,.html,166160,assets/thumbs/interfaces--demomaker_export_1776623126861.html.png
subrepos/DemoForge-Archive/DemoForge/demoscene_audio_lab.html,interfaces/demoscene_audio_lab.html,demoscene_audio_lab.html,demoscene_audio_lab,demoscene_audio_lab,interfaces,,.html,21278,assets/thumbs/interfaces--demoscene_audio_lab.html.png
subrepos/DemoForge-Archive/DemoForge/_Emergent _ Fullstack App-DemoforgV9.html,interfaces/emergent-_-fullstack-app-demoforgv9.html,_Emergent _ Fullstack App-DemoforgV9.html,_Emergent _ Fullstack App-DemoforgV9,_Emergent _ Fullstack App-DemoforgV9,interfaces,,.html,117005,assets/thumbs/interfaces--emergent-_-fullstack-app-demoforgv9.html.png
subrepos/DemoForge-Archive/DemoForge/_Emergent _ Fullstack App.html,interfaces/emergent-_-fullstack-app.html,_Emergent _ Fullstack App.html,_Emergent _ Fullstack App,_Emergent _ Fullstack App,interfaces,,.html,115774,assets/thumbs/interfaces--emergent-_-fullstack-app.html.png
subrepos/DemoForge-Archive/DemoForge/#MOTION/#FINAL_MOTION.html,interfaces/final_motion.html,#FINAL_MOTION.html,#FINAL_MOTION,#FINAL_MOTION,interfaces,,.html,100409,assets/thumbs/interfaces--final_motion.html.png
subrepos/DemoForge-Archive/DemoForge/fullscreen-demo.html,interfaces/fullscreen-demo.html,fullscreen-demo.html,fullscreen-demo,fullscreen-demo,interfaces,,.html,13846,assets/thumbs/interfaces--fullscreen-demo.html.png
subrepos/DemoForge-Archive/DemoForge/hello-world.html,interfaces/hello-world-07a0bff4.html,hello-world.html,hello-world,hello-world,interfaces,,.html,11100,assets/thumbs/interfaces--hello-world-07a0bff4.html.png
subrepos/DemoForge-Archive/DemoForge/Hello World.html,interfaces/hello-world.html,Hello World.html,Hello World,Hello World,interfaces,,.html,11157,assets/thumbs/interfaces--hello-world.html.png
subrepos/DemoForge-Archive/DemoForge/index.html,interfaces/index-01742560.html,index.html,index,index,interfaces,,.html,102526,assets/thumbs/interfaces--index-01742560.html.png
subrepos/DemoForge-Archive/DemoForge/versions/v1/index.html,interfaces/index-24d93de5.html,index.html,index,index,interfaces,,.html,366,assets/thumbs/interfaces--index-24d93de5.html.png
subrepos/DemoForge-Archive/DemoForge/versions/v1.5/index.html,interfaces/index-3182155f.html,index.html,index,index,interfaces,,.html,374,assets/thumbs/interfaces--index-3182155f.html.png
subrepos/DemoForge-Archive/DemoForge/versions/v1.4/index.html,interfaces/index-3432bd6f.html,index.html,index,index,interfaces,,.html,374,assets/thumbs/interfaces--index-3432bd6f.html.png
subrepos/DemoForge-Archive/DemoForge/versions/v1.2/index.html,interfaces/index-3461eee1.html,index.html,index,index,interfaces,,.html,374,assets/thumbs/interfaces--index-3461eee1.html.png
subrepos/DemoForge-Archive/DemoForge-Motion/index.html,interfaces/index-689aa2b6.html,index.html,index,index,interfaces,,.html,96861,assets/thumbs/interfaces--index-689aa2b6.html.png
subrepos/DemoForge-Archive/DemoForge/versions/v1.1/index.html,interfaces/index-6ab28b8a.html,index.html,index,index,interfaces,,.html,374,assets/thumbs/interfaces--index-6ab28b8a.html.png
subrepos/DemoForge-Archive/DemoForge/versions/v1.7/index.html,interfaces/index-89da34a3.html,index.html,index,index,interfaces,,.html,354,assets/thumbs/interfaces--index-89da34a3.html.png
subrepos/DemoForge-Archive/DemoForge/versions/v1.6/index.html,interfaces/index-9e9ab078.html,index.html,index,index,interfaces,,.html,374,assets/thumbs/interfaces--index-9e9ab078.html.png
subrepos/DemoForge-Archive/DemoForge/demoforge_export_1776355940035/index.html,interfaces/index-b305644b.html,index.html,index,index,interfaces,,.html,15909,assets/thumbs/interfaces--index-b305644b.html.png
subrepos/DemoForge-Archive/DemoForge/versions/v1.3/index.html,interfaces/index-d4b02d9e.html,index.html,index,index,interfaces,,.html,374,assets/thumbs/interfaces--index-d4b02d9e.html.png
RELEASES_CODEX_PACKAGE/index.html,interfaces/index.html,index.html,index,index,interfaces,,.html,11477,assets/thumbs/interfaces--index.html.png
subrepos/DemoForge-Archive/DemoForge/Module 1.html,interfaces/module-1.html,Module 1.html,Module 1,Module 1,interfaces,,.html,34780,assets/thumbs/interfaces--module-1.html.png
subrepos/DemoForge-Archive/DemoForge/NO-demoforge_unique_clean.html,interfaces/no-demoforge_unique_clean.html,NO-demoforge_unique_clean.html,NO-demoforge_unique_clean,NO-demoforge_unique_clean,interfaces,,.html,11370,assets/thumbs/interfaces--no-demoforge_unique_clean.html.png
subrepos/DemoForge-Archive/DemoForge/DemoForge V6 — Editor-Emergent_files/saved_resource.html,interfaces/saved_resource.html,saved_resource.html,saved_resource,saved_resource,interfaces,,.html,504,assets/thumbs/interfaces--saved_resource.html.png
subrepos/DemoForge-Archive/DemoForge/sources.html,interfaces/sources.html,sources.html,sources,sources,interfaces,,.html,4038,assets/thumbs/interfaces--sources.html.png
subrepos/DemoForge-Archive/DemoForge/state_of_the_art_key_visuals.html,interfaces/state_of_the_art_key_visuals-98bbf473.html,state_of_the_art_key_visuals.html,state_of_the_art_key_visuals,state_of_the_art_key_visuals,interfaces,,.html,3018,assets/thumbs/interfaces--state_of_the_art_key_visuals-98bbf473.html.png
subrepos/DemoForge-Archive/DemoForge-Motion/state_of_the_art_key_visuals.html,interfaces/state_of_the_art_key_visuals.html,state_of_the_art_key_visuals.html,state_of_the_art_key_visuals,state_of_the_art_key_visuals,interfaces,,.html,3018,assets/thumbs/interfaces--state_of_the_art_key_visuals.html.png
subrepos/DemoForge-Archive/DemoForge/The Union Demo (1).html,interfaces/the-union-demo-1.html,The Union Demo (1).html,The Union Demo (1),The Union Demo (1),interfaces,,.html,11999,assets/thumbs/interfaces--the-union-demo-1.html.png
subrepos/DemoForge-Archive/DemoForge/The Union Demo.html,interfaces/the-union-demo.html,The Union Demo.html,The Union Demo,The Union Demo,interfaces,,.html,11832,assets/thumbs/interfaces--the-union-demo.html.png
subrepos/DemoForge-Archive/DemoForge/union_style_demo (1).html,interfaces/union_style_demo-1.html,union_style_demo (1).html,union_style_demo (1),union_style_demo (1),interfaces,,.html,4465,assets/thumbs/interfaces--union_style_demo-1.html.png
subrepos/DemoForge-Archive/DemoForge/union_style_demo.html,interfaces/union_style_demo.html,union_style_demo.html,union_style_demo,union_style_demo,interfaces,,.html,4471,assets/thumbs/interfaces--union_style_demo.html.png
subrepos/DemoForge-Archive/DemoForge/versionning.html,interfaces/versionning.html,versionning.html,versionning,versionning,interfaces,,.html,5335,assets/thumbs/interfaces--versionning.html.png
subrepos/DemoForge-Archive/DemoForge/state_of_the_art_refs/state_of_the_art_00.png,media/state_of_the_art_00.png,state_of_the_art_00.png,state_of_the_art_00,,media,,.png,65440,
subrepos/DemoForge-Archive/DemoForge/state_of_the_art_refs/state_of_the_art_02.png,media/state_of_the_art_02.png,state_of_the_art_02.png,state_of_the_art_02,,media,,.png,62934,
subrepos/DemoForge-Archive/DemoForge/state_of_the_art_refs/state_of_the_art_03.png,media/state_of_the_art_03.png,state_of_the_art_03.png,state_of_the_art_03,,media,,.png,489245,
subrepos/DemoForge-Archive/DemoForge/state_of_the_art_refs/state_of_the_art_05.png,media/state_of_the_art_05.png,state_of_the_art_05.png,state_of_the_art_05,,media,,.png,347084,
subrepos/DemoForge-Archive/DemoForge/state_of_the_art_refs/state_of_the_art_1.png,media/state_of_the_art_1.png,state_of_the_art_1.png,state_of_the_art_1,,media,,.png,102,
subrepos/DemoForge-Archive/DemoForge/state_of_the_art_refs/state_of_the_art_2.png,media/state_of_the_art_2.png,state_of_the_art_2.png,state_of_the_art_2,,media,,.png,102,
subrepos/DemoForge-Archive/DemoForge/The Union Demo.png,media/the-union-demo.png,The Union Demo.png,The Union Demo,,media,,.png,137581,
subrepos/DemoForge-Archive/DemoForge/Hello World_files/css2,misc/css2,css2,css2,,misc,,,7548,
subrepos/DemoForge-Archive/.gitignore,misc/gitignore,.gitignore,.gitignore,,misc,,,21,
subrepos/DemoForge-Archive/DemoForge/DemoForge V6 — Editor-Emergent_files/v8c78df7c7c0f484497ecbca7046644da1771523124516,misc/v8c78df7c7c0f484497ecbca7046644da1771523124516,v8c78df7c7c0f484497ecbca7046644da1771523124516,v8c78df7c7c0f484497ecbca7046644da1771523124516,,misc,,,31169,
DemoForge-Releases-Codex.zip,packages/demoforge-releases-codex.zip,DemoForge-Releases-Codex.zip,DemoForge-Releases-Codex,,packages,,.zip,1111572,
subrepos/DemoForge-Archive/DemoForge/demoforge_export_1776355940035.zip,packages/demoforge_export_1776355940035.zip,demoforge_export_1776355940035.zip,demoforge_export_1776355940035,,packages,,.zip,7008,
subrepos/DemoForge-Archive/DemoForge/demoforge_export_1776356208918.zip,packages/demoforge_export_1776356208918.zip,demoforge_export_1776356208918.zip,demoforge_export_1776356208918,,packages,,.zip,6482,
subrepos/DemoForge-Archive/DemoForge/Emergent _ Fullstack App-DemoforgV9_files.zip,packages/emergent-_-fullstack-app-demoforgv9_files.zip,Emergent _ Fullstack App-DemoforgV9_files.zip,Emergent _ Fullstack App-DemoforgV9_files,,packages,,.zip,468332,
subrepos/DemoForge-Archive/DemoForge/Emergent _ Fullstack App_files.zip,packages/emergent-_-fullstack-app_files.zip,Emergent _ Fullstack App_files.zip,Emergent _ Fullstack App_files,,packages,,.zip,464931,
subrepos/DemoForge-Archive/DemoForge/EMERGENT- VERSION.zip,packages/emergent-version.zip,EMERGENT- VERSION.zip,EMERGENT- VERSION,,packages,,.zip,720479,
subrepos/DemoForge-Archive/DemoForge/vosp2.zip,packages/vosp2.zip,vosp2.zip,vosp2,,packages,,.zip,3976,
RELEASES_CODEX_PACKAGE/releases/DemoForge 1.0 - Codex.html,releases/v1.0/index.html,DemoForge 1.0 - Codex.html,DemoForge 1.0 - Codex,DemoForge 1.0 - Codex,releases,v1.0,.html,366,assets/thumbs/releases--v1.0--index.html.png
RELEASES_CODEX_PACKAGE/releases/DemoForge 1.1 - Codex.html,releases/v1.1/index.html,DemoForge 1.1 - Codex.html,DemoForge 1.1 - Codex,DemoForge 1.1 - Codex,releases,v1.1,.html,374,assets/thumbs/releases--v1.1--index.html.png
RELEASES_CODEX_PACKAGE/releases/DemoForge 1.2 - Codex.html,releases/v1.2/index.html,DemoForge 1.2 - Codex.html,DemoForge 1.2 - Codex,DemoForge 1.2 - Codex,releases,v1.2,.html,374,assets/thumbs/releases--v1.2--index.html.png
RELEASES_CODEX_PACKAGE/releases/DemoForge 1.3 - Codex.html,releases/v1.3/index.html,DemoForge 1.3 - Codex.html,DemoForge 1.3 - Codex,DemoForge 1.3 - Codex,releases,v1.3,.html,374,assets/thumbs/releases--v1.3--index.html.png
RELEASES_CODEX_PACKAGE/releases/DemoForge 1.4 - Codex.html,releases/v1.4/index.html,DemoForge 1.4 - Codex.html,DemoForge 1.4 - Codex,DemoForge 1.4 - Codex,releases,v1.4,.html,374,assets/thumbs/releases--v1.4--index.html.png
RELEASES_CODEX_PACKAGE/releases/DemoForge 1.5 - Codex.html,releases/v1.5/index.html,DemoForge 1.5 - Codex.html,DemoForge 1.5 - Codex,DemoForge 1.5 - Codex,releases,v1.5,.html,374,assets/thumbs/releases--v1.5--index.html.png
RELEASES_CODEX_PACKAGE/releases/DemoForge 1.6 - Codex.html,releases/v1.6/index.html,DemoForge 1.6 - Codex.html,DemoForge 1.6 - Codex,DemoForge 1.6 - Codex,releases,v1.6,.html,374,assets/thumbs/releases--v1.6--index.html.png
RELEASES_CODEX_PACKAGE/releases/DemoForge 1.7 - Codex.html,releases/v1.7/index.html,DemoForge 1.7 - Codex.html,DemoForge 1.7 - Codex,DemoForge 1.7 - Codex,releases,v1.7,.html,354,assets/thumbs/releases--v1.7--index.html.png
RELEASES_CODEX_PACKAGE/releases/DemoForge 5.74 - Codex.html,releases/v5.74/index.html,DemoForge 5.74 - Codex.html,DemoForge 5.74 - Codex,DemoForge 5.74 - Codex,releases,v5.74,.html,115740,assets/thumbs/releases--v5.74--index.html.png
RELEASES_CODEX_PACKAGE/releases/DemoForge 5.76 - Codex.html,releases/v5.76/index.html,DemoForge 5.76 - Codex.html,DemoForge 5.76 - Codex,DemoForge 5.76 - Codex,releases,v5.76,.html,122757,assets/thumbs/releases--v5.76--index.html.png
RELEASES_CODEX_PACKAGE/releases/DemoForge 5.78 - Codex.html,releases/v5.78/index.html,DemoForge 5.78 - Codex.html,DemoForge 5.78 - Codex,DemoForge 5.78 - Codex,releases,v5.78,.html,136878,assets/thumbs/releases--v5.78--index.html.png
RELEASES_CODEX_PACKAGE/releases/DemoForge 5.80 - Codex.html,releases/v5.80/index.html,DemoForge 5.80 - Codex.html,DemoForge 5.80 - Codex,DemoForge 5.80 - Codex,releases,v5.80,.html,141327,assets/thumbs/releases--v5.80--index.html.png
RELEASES_CODEX_PACKAGE/releases/DemoForge 5.82 - Codex.html,releases/v5.82/index.html,DemoForge 5.82 - Codex.html,DemoForge 5.82 - Codex,DemoForge 5.82 - Codex,releases,v5.82,.html,124356,assets/thumbs/releases--v5.82--index.html.png
RELEASES_CODEX_PACKAGE/releases/DemoForge 5.84 - Codex.html,releases/v5.84/index.html,DemoForge 5.84 - Codex.html,DemoForge 5.84 - Codex,DemoForge 5.84 - Codex,releases,v5.84,.html,122004,assets/thumbs/releases--v5.84--index.html.png
RELEASES_CODEX_PACKAGE/releases/DemoForge 5.86 - Codex.html,releases/v5.86/index.html,DemoForge 5.86 - Codex.html,DemoForge 5.86 - Codex,DemoForge 5.86 - Codex,releases,v5.86,.html,128618,assets/thumbs/releases--v5.86--index.html.png
RELEASES_CODEX_PACKAGE/releases/DemoForge 5.87 - Codex.html,releases/v5.87/index.html,DemoForge 5.87 - Codex.html,DemoForge 5.87 - Codex,DemoForge 5.87 - Codex,releases,v5.87,.html,139716,assets/thumbs/releases--v5.87--index.html.png
RELEASES_CODEX_PACKAGE/releases/DemoForge 5.88 - Codex.html,releases/v5.88/index.html,DemoForge 5.88 - Codex.html,DemoForge 5.88 - Codex,DemoForge 5.88 - Codex,releases,v5.88,.html,124904,assets/thumbs/releases--v5.88--index.html.png
RELEASES_CODEX_PACKAGE/releases/DemoForge 5.89 - Codex.html,releases/v5.89/index.html,DemoForge 5.89 - Codex.html,DemoForge 5.89 - Codex,DemoForge 5.89 - Codex,releases,v5.89,.html,125826,assets/thumbs/releases--v5.89--index.html.png
RELEASES_CODEX_PACKAGE/releases/DemoForge 5.91 - Codex.html,releases/v5.91/index.html,DemoForge 5.91 - Codex.html,DemoForge 5.91 - Codex,DemoForge 5.91 - Codex,releases,v5.91,.html,134474,assets/thumbs/releases--v5.91--index.html.png
RELEASES_CODEX_PACKAGE/releases/DemoForge 5.92 - Codex.html,releases/v5.92/index.html,DemoForge 5.92 - Codex.html,DemoForge 5.92 - Codex,DemoForge 5.92 - Codex,releases,v5.92,.html,134432,assets/thumbs/releases--v5.92--index.html.png
RELEASES_CODEX_PACKAGE/releases/DemoForge 5.93 - Codex.html,releases/v5.93/index.html,DemoForge 5.93 - Codex.html,DemoForge 5.93 - Codex,DemoForge 5.93 - Codex,releases,v5.93,.html,134923,assets/thumbs/releases--v5.93--index.html.png
RELEASES_CODEX_PACKAGE/releases/DemoForge 5.94 - Codex.html,releases/v5.94/index.html,DemoForge 5.94 - Codex.html,DemoForge 5.94 - Codex,DemoForge 5.94 - Codex,releases,v5.94,.html,139976,assets/thumbs/releases--v5.94--index.html.png
RELEASES_CODEX_PACKAGE/releases/DemoForge 5.95 - Codex.html,releases/v5.95/index.html,DemoForge 5.95 - Codex.html,DemoForge 5.95 - Codex,DemoForge 5.95 - Codex,releases,v5.95,.html,142040,assets/thumbs/releases--v5.95--index.html.png
RELEASES_CODEX_PACKAGE/releases/DemoForge 6.0 - Codex.html,releases/v6.0/index.html,DemoForge 6.0 - Codex.html,DemoForge 6.0 - Codex,DemoForge 6.0 - Codex,releases,v6.0,.html,17526,assets/thumbs/releases--v6.0--index.html.png
RELEASES_CODEX_PACKAGE/releases/DemoForge 7.60 - Codex.html,releases/v7.60/index.html,DemoForge 7.60 - Codex.html,DemoForge 7.60 - Codex,DemoForge 7.60 - Codex,releases,v7.60,.html,162819,assets/thumbs/releases--v7.60--index.html.png
RELEASES_CODEX_PACKAGE/releases/DemoForge 7.80 - Codex.html,releases/v7.80/index.html,DemoForge 7.80 - Codex.html,DemoForge 7.80 - Codex,DemoForge 7.80 - Codex,releases,v7.80,.html,184637,assets/thumbs/releases--v7.80--index.html.png
RELEASES_CODEX_PACKAGE/releases/DemoForge 8.00 - Codex.html,releases/v8.0/index.html,DemoForge 8.00 - Codex.html,DemoForge 8.00 - Codex,DemoForge 8.00 - Codex,releases,v8.0,.html,137638,assets/thumbs/releases--v8.0--index.html.png
RELEASES_CODEX_PACKAGE/releases/DemoForge 8.20 - Codex.html,releases/v8.20/index.html,DemoForge 8.20 - Codex.html,DemoForge 8.20 - Codex,DemoForge 8.20 - Codex,releases,v8.20,.html,140992,assets/thumbs/releases--v8.20--index.html.png
RELEASES_CODEX_PACKAGE/releases/DemoForge 8.40 - Codex.html,releases/v8.40/index.html,DemoForge 8.40 - Codex.html,DemoForge 8.40 - Codex,DemoForge 8.40 - Codex,releases,v8.40,.html,143127,assets/thumbs/releases--v8.40--index.html.png
RELEASES_CODEX_PACKAGE/releases/DemoForge 8.60 - Codex.html,releases/v8.60/index.html,DemoForge 8.60 - Codex.html,DemoForge 8.60 - Codex,DemoForge 8.60 - Codex,releases,v8.60,.html,149791,assets/thumbs/releases--v8.60--index.html.png
RELEASES_CODEX_PACKAGE/releases/DemoForge 8.90 - Codex.html,releases/v8.90/index.html,DemoForge 8.90 - Codex.html,DemoForge 8.90 - Codex,DemoForge 8.90 - Codex,releases,v8.90,.html,232847,assets/thumbs/releases--v8.90--index.html.png
RELEASES_CODEX_PACKAGE/releases/DemoForge 9.0 - Codex.html,releases/v9.0/index.html,DemoForge 9.0 - Codex.html,DemoForge 9.0 - Codex,DemoForge 9.0 - Codex,releases,v9.0,.html,136361,assets/thumbs/releases--v9.0--index.html.png
RELEASES_CODEX_PACKAGE/releases/DemoForge 9.10 - Codex.html,releases/v9.10/index.html,DemoForge 9.10 - Codex.html,DemoForge 9.10 - Codex,DemoForge 9.10 - Codex,releases,v9.10,.html,241591,assets/thumbs/releases--v9.10--index.html.png
RELEASES_CODEX_PACKAGE/releases/DemoForge 9.30 - Codex.html,releases/v9.30/index.html,DemoForge 9.30 - Codex.html,DemoForge 9.30 - Codex,DemoForge 9.30 - Codex,releases,v9.30,.html,253970,assets/thumbs/releases--v9.30--index.html.png
RELEASES_CODEX_PACKAGE/releases/DemoForge 9.50 - Codex.html,releases/v9.50/index.html,DemoForge 9.50 - Codex.html,DemoForge 9.50 - Codex,DemoForge 9.50 - Codex,releases,v9.50,.html,32947,assets/thumbs/releases--v9.50--index.html.png
RELEASES_CODEX_PACKAGE/releases/DemoForge 9.70 - Codex.html,releases/v9.70/index.html,DemoForge 9.70 - Codex.html,DemoForge 9.70 - Codex,DemoForge 9.70 - Codex,releases,v9.70,.html,27366,assets/thumbs/releases--v9.70--index.html.png
RELEASES_CODEX_PACKAGE/releases/DemoForge 10.0 - Codex.html,releases/v10.0/index.html,DemoForge 10.0 - Codex.html,DemoForge 10.0 - Codex,DemoForge 10.0 - Codex,releases,v10.0,.html,35664,assets/thumbs/releases--v10.0--index.html.png
RELEASES_CODEX_PACKAGE/releases/DemoForge 15.0 - Codex.html,releases/v15.0/index.html,DemoForge 15.0 - Codex.html,DemoForge 15.0 - Codex,DemoForge 15.0 - Codex,releases,v15.0,.html,354904,assets/thumbs/releases--v15.0--index.html.png
